"NOMBRE_DEPARTAMENTO","NOMBRE_SERVICIO","ESTADO_DEL_VEHICULO","NOMBRE_DE_LA_CLASE","FECHA DE REGISTRO","CANTIDAD"
"BOGOTA D.C.","PARTICULAR","ACTIVO","AUTOMOVIL","1900","1"
"BOGOTA D.C.","OFICIAL","ACTIVO","AUTOMOVIL","1900","1"
"BOGOTA D.C.","OFICIAL","ACTIVO","BUSETA","1901","1"
"BOGOTA D.C.","PARTICULAR","ACTIVO","AUTOMOVIL","1927","1"
"BOGOTA D.C.","PARTICULAR","ACTIVO","AUTOMOVIL","1928","6"
"BOGOTA D.C.","PARTICULAR","ACTIVO","CAMION","1928","1"
"BOGOTA D.C.","PARTICULAR","ACTIVO","CAMIONETA","1928","1"
"BOGOTA D.C.","PARTICULAR","ACTIVO","AUTOMOVIL","1929","3"
"BOGOTA D.C.","PARTICULAR","ACTIVO","CAMIONETA","1929","1"
"BOGOTA D.C.","PARTICULAR","ACTIVO","AUTOMOVIL","1930","1"
"BOGOTA D.C.","PARTICULAR","ACTIVO","AUTOMOVIL","1931","1"
"BOGOTA D.C.","PARTICULAR","ACTIVO","CAMION","1931","1"
"BOGOTA D.C.","PARTICULAR","ACTIVO","AUTOMOVIL","1932","2"
"BOGOTA D.C.","PARTICULAR","INCONSISTENTE","AUTOMOVIL","1934","1"
"BOGOTA D.C.","PARTICULAR","ACTIVO","AUTOMOVIL","1934","31"
"BOGOTA D.C.","PARTICULAR","ACTIVO","CAMION","1934","2"
"BOGOTA D.C.","PARTICULAR","ACTIVO","CAMIONETA","1934","4"
"BOGOTA D.C.","PARTICULAR","ACTIVO","AUTOMOVIL","1935","8"
"BOGOTA D.C.","PARTICULAR","ACTIVO","CAMIONETA","1935","2"
"BOGOTA D.C.","OFICIAL","ACTIVO","AUTOMOVIL","1936","1"
"BOGOTA D.C.","PARTICULAR","ACTIVO","AUTOMOVIL","1936","27"
"BOGOTA D.C.","PARTICULAR","ACTIVO","BUSETA","1936","1"
"BOGOTA D.C.","PARTICULAR","ACTIVO","CAMION","1936","3"
"BOGOTA D.C.","PÚBLICO","ACTIVO","CAMION","1936","1"
"BOGOTA D.C.","PÚBLICO","ACTIVO","CAMIONETA","1936","1"
"BOGOTA D.C.","PARTICULAR","ACTIVO","CAMIONETA","1936","5"
"BOGOTA D.C.","OFICIAL","ACTIVO","AUTOMOVIL","1937","2"
"BOGOTA D.C.","PÚBLICO","ACTIVO","AUTOMOVIL","1937","1"
"BOGOTA D.C.","PARTICULAR","ACTIVO","AUTOMOVIL","1937","48"
"BOGOTA D.C.","PÚBLICO","ACTIVO","CAMION","1937","3"
"BOGOTA D.C.","PARTICULAR","ACTIVO","CAMION","1937","4"
"BOGOTA D.C.","PARTICULAR","ACTIVO","CAMIONETA","1937","12"
"BOGOTA D.C.","PARTICULAR","INCONSISTENTE","CAMIONETA","1937","1"
"BOGOTA D.C.","PÚBLICO","ACTIVO","CAMIONETA","1937","1"
"BOGOTA D.C.","PARTICULAR","ACTIVO","AUTOMOVIL","1938","53"
"BOGOTA D.C.","PÚBLICO","ACTIVO","CAMION","1938","1"
"BOGOTA D.C.","PARTICULAR","ACTIVO","CAMION","1938","1"
"BOGOTA D.C.","OFICIAL","ACTIVO","CAMIONETA","1938","1"
"BOGOTA D.C.","PÚBLICO","ACTIVO","CAMIONETA","1938","2"
"BOGOTA D.C.","PARTICULAR","ACTIVO","CAMIONETA","1938","11"
"BOGOTA D.C.","PARTICULAR","INCONSISTENTE","AUTOMOVIL","1939","2"
"BOGOTA D.C.","PARTICULAR","ACTIVO","AUTOMOVIL","1939","184"
"BOGOTA D.C.","OFICIAL","ACTIVO","AUTOMOVIL","1939","2"
"BOGOTA D.C.","PÚBLICO","ACTIVO","AUTOMOVIL","1939","1"
"BOGOTA D.C.","PARTICULAR","ACTIVO","CAMION","1939","23"
"BOGOTA D.C.","PÚBLICO","ACTIVO","CAMION","1939","7"
"BOGOTA D.C.","PÚBLICO","ACTIVO","CAMIONETA","1939","7"
"BOGOTA D.C.","PARTICULAR","ACTIVO","CAMIONETA","1939","37"
"BOGOTA D.C.","PARTICULAR","INCONSISTENTE","CAMIONETA","1939","1"
"BOGOTA D.C.","PARTICULAR","INCONSISTENTE","AUTOMOVIL","1940","1"
"BOGOTA D.C.","PÚBLICO","ACTIVO","AUTOMOVIL","1940","2"
"BOGOTA D.C.","PARTICULAR","ACTIVO","AUTOMOVIL","1940","180"
"BOGOTA D.C.","PÚBLICO","ACTIVO","CAMION","1940","1"
"BOGOTA D.C.","PARTICULAR","ACTIVO","CAMION","1940","9"
"BOGOTA D.C.","PÚBLICO","ACTIVO","CAMIONETA","1940","6"
"BOGOTA D.C.","PARTICULAR","ACTIVO","CAMIONETA","1940","35"
"BOGOTA D.C.","PARTICULAR","ACTIVO","CAMPERO","1940","1"
"BOGOTA D.C.","PÚBLICO","ACTIVO","AUTOMOVIL","1941","5"
"BOGOTA D.C.","PARTICULAR","INCONSISTENTE","AUTOMOVIL","1941","4"
"BOGOTA D.C.","OFICIAL","ACTIVO","AUTOMOVIL","1941","3"
"BOGOTA D.C.","PARTICULAR","ACTIVO","AUTOMOVIL","1941","240"
"BOGOTA D.C.","PARTICULAR","ACTIVO","BUSETA","1941","1"
"BOGOTA D.C.","PÚBLICO","INCONSISTENTE","CAMION","1941","1"
"BOGOTA D.C.","PÚBLICO","ACTIVO","CAMION","1941","6"
"BOGOTA D.C.","PARTICULAR","ACTIVO","CAMION","1941","28"
"BOGOTA D.C.","PARTICULAR","ACTIVO","CAMIONETA","1941","51"
"BOGOTA D.C.","PÚBLICO","ACTIVO","CAMIONETA","1941","2"
"BOGOTA D.C.","OFICIAL","ACTIVO","AUTOMOVIL","1942","1"
"BOGOTA D.C.","PARTICULAR","ACTIVO","AUTOMOVIL","1942","115"
"BOGOTA D.C.","PARTICULAR","INCONSISTENTE","AUTOMOVIL","1942","2"
"BOGOTA D.C.","PARTICULAR","ACTIVO","CAMION","1942","28"
"BOGOTA D.C.","PÚBLICO","ACTIVO","CAMION","1942","15"
"BOGOTA D.C.","OFICIAL","ACTIVO","CAMION","1942","1"
"BOGOTA D.C.","PARTICULAR","INCONSISTENTE","CAMIONETA","1942","1"
"BOGOTA D.C.","PARTICULAR","ACTIVO","CAMIONETA","1942","34"
"BOGOTA D.C.","PÚBLICO","ACTIVO","CAMIONETA","1942","3"
"BOGOTA D.C.","PARTICULAR","ACTIVO","CAMPERO","1942","6"
"BOGOTA D.C.","PARTICULAR","ACTIVO","MOTOCICLETA","1942","2"
"BOGOTA D.C.","PARTICULAR","ACTIVO","VOLQUETA","1942","1"
"BOGOTA D.C.","PARTICULAR","ACTIVO","CAMION","1943","1"
"BOGOTA D.C.","PÚBLICO","ACTIVO","CAMION","1943","1"
"BOGOTA D.C.","PARTICULAR","ACTIVO","CAMION","1944","5"
"BOGOTA D.C.","PÚBLICO","ACTIVO","CAMION","1944","1"
"BOGOTA D.C.","PARTICULAR","ACTIVO","CAMPERO","1944","1"
"BOGOTA D.C.","PARTICULAR","ACTIVO","AUTOMOVIL","1945","1"
"BOGOTA D.C.","PÚBLICO","ACTIVO","CAMION","1945","1"
"BOGOTA D.C.","PARTICULAR","ACTIVO","CAMION","1945","5"
"BOGOTA D.C.","PARTICULAR","ACTIVO","CAMIONETA","1945","4"
"BOGOTA D.C.","PARTICULAR","ACTIVO","CAMPERO","1945","1"
"BOGOTA D.C.","PARTICULAR","INCONSISTENTE","TRACTOCAMION","1945","1"
"BOGOTA D.C.","PÚBLICO","ACTIVO","TRACTOCAMION","1945","1"
"BOGOTA D.C.","PARTICULAR","INCONSISTENTE","AUTOMOVIL","1946","3"
"BOGOTA D.C.","PÚBLICO","ACTIVO","AUTOMOVIL","1946","15"
"BOGOTA D.C.","OFICIAL","ACTIVO","AUTOMOVIL","1946","5"
"BOGOTA D.C.","PARTICULAR","ACTIVO","AUTOMOVIL","1946","476"
"BOGOTA D.C.","PÚBLICO","ACTIVO","BUS","1946","4"
"BOGOTA D.C.","PARTICULAR","ACTIVO","BUS","1946","3"
"BOGOTA D.C.","PARTICULAR","ACTIVO","CAMION","1946","171"
"BOGOTA D.C.","OFICIAL","ACTIVO","CAMION","1946","1"
"BOGOTA D.C.","PÚBLICO","ACTIVO","CAMION","1946","47"
"BOGOTA D.C.","PARTICULAR","INCONSISTENTE","CAMION","1946","2"
"BOGOTA D.C.","PARTICULAR","INCONSISTENTE","CAMIONETA","1946","2"
"BOGOTA D.C.","OFICIAL","ACTIVO","CAMIONETA","1946","1"
"BOGOTA D.C.","PARTICULAR","ACTIVO","CAMIONETA","1946","240"
"BOGOTA D.C.","PÚBLICO","ACTIVO","CAMIONETA","1946","23"
"BOGOTA D.C.","PARTICULAR","ACTIVO","CAMPERO","1946","30"
"BOGOTA D.C.","PARTICULAR","INCONSISTENTE","CAMPERO","1946","1"
"BOGOTA D.C.","PÚBLICO","ACTIVO","TRACTOCAMION","1946","1"
"BOGOTA D.C.","PARTICULAR","ACTIVO","TRACTOCAMION","1946","2"
"BOGOTA D.C.","PÚBLICO","ACTIVO","VOLQUETA","1946","5"
"BOGOTA D.C.","PARTICULAR","ACTIVO","VOLQUETA","1946","4"
"BOGOTA D.C.","PARTICULAR","INCONSISTENTE","AUTOMOVIL","1947","10"
"BOGOTA D.C.","OFICIAL","ACTIVO","AUTOMOVIL","1947","13"
"BOGOTA D.C.","PARTICULAR","ACTIVO","AUTOMOVIL","1947","712"
"BOGOTA D.C.","PÚBLICO","ACTIVO","AUTOMOVIL","1947","10"
"BOGOTA D.C.","PÚBLICO","ACTIVO","BUS","1947","1"
"BOGOTA D.C.","PARTICULAR","ACTIVO","BUS","1947","1"
"BOGOTA D.C.","PÚBLICO","ACTIVO","CAMION","1947","11"
"BOGOTA D.C.","PARTICULAR","ACTIVO","CAMION","1947","46"
"BOGOTA D.C.","PARTICULAR","INCONSISTENTE","CAMION","1947","1"
"BOGOTA D.C.","OFICIAL","ACTIVO","CAMIONETA","1947","3"
"BOGOTA D.C.","PÚBLICO","ACTIVO","CAMIONETA","1947","3"
"BOGOTA D.C.","PARTICULAR","ACTIVO","CAMIONETA","1947","130"
"BOGOTA D.C.","PARTICULAR","INCONSISTENTE","CAMIONETA","1947","1"
"BOGOTA D.C.","PARTICULAR","ACTIVO","CAMPERO","1947","5"
"BOGOTA D.C.","PARTICULAR","ACTIVO","MOTOCICLETA","1947","1"
"BOGOTA D.C.","PÚBLICO","ACTIVO","VOLQUETA","1947","1"
"BOGOTA D.C.","PARTICULAR","ACTIVO","VOLQUETA","1947","1"
"BOGOTA D.C.","PARTICULAR","ACTIVO","AUTOMOVIL","1948","1016"
"BOGOTA D.C.","OTROS","ACTIVO","AUTOMOVIL","1948","1"
"BOGOTA D.C.","OFICIAL","ACTIVO","AUTOMOVIL","1948","14"
"BOGOTA D.C.","PARTICULAR","INCONSISTENTE","AUTOMOVIL","1948","15"
"BOGOTA D.C.","PÚBLICO","ACTIVO","AUTOMOVIL","1948","23"
"BOGOTA D.C.","PARTICULAR","ACTIVO","BUS","1948","7"
"BOGOTA D.C.","PARTICULAR","INCONSISTENTE","BUS","1948","1"
"BOGOTA D.C.","PÚBLICO","ACTIVO","BUS","1948","7"
"BOGOTA D.C.","PÚBLICO","ACTIVO","CAMION","1948","17"
"BOGOTA D.C.","PARTICULAR","INCONSISTENTE","CAMION","1948","2"
"BOGOTA D.C.","OFICIAL","ACTIVO","CAMION","1948","1"
"BOGOTA D.C.","PARTICULAR","ACTIVO","CAMION","1948","67"
"BOGOTA D.C.","PÚBLICO","ACTIVO","CAMIONETA","1948","8"
"BOGOTA D.C.","OFICIAL","ACTIVO","CAMIONETA","1948","3"
"BOGOTA D.C.","PARTICULAR","INCONSISTENTE","CAMIONETA","1948","1"
"BOGOTA D.C.","PARTICULAR","ACTIVO","CAMIONETA","1948","229"
"BOGOTA D.C.","PARTICULAR","ACTIVO","CAMPERO","1948","14"
"BOGOTA D.C.","PARTICULAR","ACTIVO","MICROBUS","1948","1"
"BOGOTA D.C.","PARTICULAR","ACTIVO","VOLQUETA","1948","3"
"BOGOTA D.C.","PÚBLICO","ACTIVO","VOLQUETA","1948","3"
"BOGOTA D.C.","PARTICULAR","ACTIVO","AUTOMOVIL","1949","258"
"BOGOTA D.C.","PÚBLICO","ACTIVO","AUTOMOVIL","1949","3"
"BOGOTA D.C.","OTROS","ACTIVO","AUTOMOVIL","1949","1"
"BOGOTA D.C.","PARTICULAR","INCONSISTENTE","AUTOMOVIL","1949","3"
"BOGOTA D.C.","OFICIAL","ACTIVO","AUTOMOVIL","1949","5"
"BOGOTA D.C.","PARTICULAR","ACTIVO","BUS","1949","2"
"BOGOTA D.C.","PÚBLICO","ACTIVO","BUS","1949","6"
"BOGOTA D.C.","PÚBLICO","ACTIVO","CAMION","1949","15"
"BOGOTA D.C.","PARTICULAR","ACTIVO","CAMION","1949","43"
"BOGOTA D.C.","PARTICULAR","INCONSISTENTE","CAMION","1949","1"
"BOGOTA D.C.","PÚBLICO","ACTIVO","CAMIONETA","1949","7"
"BOGOTA D.C.","PARTICULAR","INCONSISTENTE","CAMIONETA","1949","2"
"BOGOTA D.C.","PARTICULAR","ACTIVO","CAMIONETA","1949","116"
"BOGOTA D.C.","PARTICULAR","ACTIVO","CAMPERO","1949","2"
"BOGOTA D.C.","PARTICULAR","ACTIVO","MOTOCICLETA","1949","1"
"BOGOTA D.C.","PARTICULAR","ACTIVO","TRACTOCAMION","1949","2"
"BOGOTA D.C.","PARTICULAR","INCONSISTENTE","TRACTOCAMION","1949","1"
"BOGOTA D.C.","PÚBLICO","ACTIVO","VOLQUETA","1949","3"
"BOGOTA D.C.","PARTICULAR","ACTIVO","VOLQUETA","1949","1"
"BOGOTA D.C.","PARTICULAR","INCONSISTENTE","AUTOMOVIL","1950","21"
"BOGOTA D.C.","PÚBLICO","ACTIVO","AUTOMOVIL","1950","23"
"BOGOTA D.C.","OFICIAL","ACTIVO","AUTOMOVIL","1950","18"
"BOGOTA D.C.","PARTICULAR","ACTIVO","AUTOMOVIL","1950","1324"
"BOGOTA D.C.","PÚBLICO","ACTIVO","BUS","1950","20"
"BOGOTA D.C.","PARTICULAR","ACTIVO","BUS","1950","14"
"BOGOTA D.C.","PARTICULAR","ACTIVO","BUSETA","1950","1"
"BOGOTA D.C.","PÚBLICO","ACTIVO","CAMION","1950","71"
"BOGOTA D.C.","PARTICULAR","INCONSISTENTE","CAMION","1950","5"
"BOGOTA D.C.","OFICIAL","ACTIVO","CAMION","1950","2"
"BOGOTA D.C.","PARTICULAR","ACTIVO","CAMION","1950","188"
"BOGOTA D.C.","PARTICULAR","INCONSISTENTE","CAMIONETA","1950","9"
"BOGOTA D.C.","OFICIAL","ACTIVO","CAMIONETA","1950","3"
"BOGOTA D.C.","PÚBLICO","ACTIVO","CAMIONETA","1950","24"
"BOGOTA D.C.","PARTICULAR","ACTIVO","CAMIONETA","1950","543"
"BOGOTA D.C.","PARTICULAR","INCONSISTENTE","CAMPERO","1950","1"
"BOGOTA D.C.","PARTICULAR","ACTIVO","CAMPERO","1950","78"
"BOGOTA D.C.","PARTICULAR","ACTIVO","MICROBUS","1950","1"
"BOGOTA D.C.","PÚBLICO","ACTIVO","TRACTOCAMION","1950","2"
"BOGOTA D.C.","PARTICULAR","ACTIVO","VOLQUETA","1950","7"
"BOGOTA D.C.","PÚBLICO","ACTIVO","VOLQUETA","1950","6"
"BOGOTA D.C.","OFICIAL","ACTIVO","VOLQUETA","1950","1"
"BOGOTA D.C.","OFICIAL","ACTIVO","AUTOMOVIL","1951","4"
"BOGOTA D.C.","PÚBLICO","ACTIVO","AUTOMOVIL","1951","3"
"BOGOTA D.C.","PARTICULAR","ACTIVO","AUTOMOVIL","1951","235"
"BOGOTA D.C.","PARTICULAR","INCONSISTENTE","AUTOMOVIL","1951","4"
"BOGOTA D.C.","PÚBLICO","ACTIVO","BUS","1951","7"
"BOGOTA D.C.","PARTICULAR","ACTIVO","BUS","1951","5"
"BOGOTA D.C.","PÚBLICO","ACTIVO","CAMION","1951","44"
"BOGOTA D.C.","PARTICULAR","ACTIVO","CAMION","1951","121"
"BOGOTA D.C.","OFICIAL","ACTIVO","CAMION","1951","1"
"BOGOTA D.C.","PÚBLICO","INCONSISTENTE","CAMION","1951","1"
"BOGOTA D.C.","PARTICULAR","INCONSISTENTE","CAMION","1951","5"
"BOGOTA D.C.","PARTICULAR","INCONSISTENTE","CAMIONETA","1951","1"
"BOGOTA D.C.","OFICIAL","ACTIVO","CAMIONETA","1951","2"
"BOGOTA D.C.","PARTICULAR","ACTIVO","CAMIONETA","1951","423"
"BOGOTA D.C.","PÚBLICO","ACTIVO","CAMIONETA","1951","14"
"BOGOTA D.C.","PARTICULAR","ACTIVO","CAMPERO","1951","39"
"BOGOTA D.C.","PARTICULAR","INCONSISTENTE","CAMPERO","1951","1"
"BOGOTA D.C.","PARTICULAR","ACTIVO","MOTOCICLETA","1951","1"
"BOGOTA D.C.","PÚBLICO","ACTIVO","TRACTOCAMION","1951","1"
"BOGOTA D.C.","PARTICULAR","ACTIVO","VOLQUETA","1951","12"
"BOGOTA D.C.","PÚBLICO","ACTIVO","VOLQUETA","1951","5"
"BOGOTA D.C.","PARTICULAR","ACTIVO","AUTOMOVIL","1952","711"
"BOGOTA D.C.","PARTICULAR","INCONSISTENTE","AUTOMOVIL","1952","10"
"BOGOTA D.C.","OFICIAL","INCONSISTENTE","AUTOMOVIL","1952","1"
"BOGOTA D.C.","OFICIAL","ACTIVO","AUTOMOVIL","1952","15"
"BOGOTA D.C.","PÚBLICO","ACTIVO","AUTOMOVIL","1952","17"
"BOGOTA D.C.","PARTICULAR","INCONSISTENTE","BUS","1952","1"
"BOGOTA D.C.","PÚBLICO","ACTIVO","BUS","1952","10"
"BOGOTA D.C.","PARTICULAR","ACTIVO","BUS","1952","7"
"BOGOTA D.C.","PARTICULAR","ACTIVO","BUSETA","1952","1"
"BOGOTA D.C.","PARTICULAR","INCONSISTENTE","CAMION","1952","3"
"BOGOTA D.C.","PARTICULAR","ACTIVO","CAMION","1952","112"
"BOGOTA D.C.","PÚBLICO","ACTIVO","CAMION","1952","45"
"BOGOTA D.C.","OFICIAL","ACTIVO","CAMION","1952","2"
"BOGOTA D.C.","OFICIAL","ACTIVO","CAMIONETA","1952","6"
"BOGOTA D.C.","PÚBLICO","ACTIVO","CAMIONETA","1952","15"
"BOGOTA D.C.","PARTICULAR","ACTIVO","CAMIONETA","1952","564"
"BOGOTA D.C.","PARTICULAR","INCONSISTENTE","CAMIONETA","1952","12"
"BOGOTA D.C.","PARTICULAR","ACTIVO","CAMPERO","1952","51"
"BOGOTA D.C.","PARTICULAR","INCONSISTENTE","CAMPERO","1952","1"
"BOGOTA D.C.","PARTICULAR","ACTIVO","MICROBUS","1952","13"
"BOGOTA D.C.","PARTICULAR","ACTIVO","MOTOCICLETA","1952","3"
"BOGOTA D.C.","PÚBLICO","ACTIVO","TRACTOCAMION","1952","1"
"BOGOTA D.C.","PÚBLICO","INCONSISTENTE","TRACTOCAMION","1952","1"
"BOGOTA D.C.","PARTICULAR","ACTIVO","VOLQUETA","1952","12"
"BOGOTA D.C.","PÚBLICO","ACTIVO","VOLQUETA","1952","9"
"BOGOTA D.C.","PÚBLICO","ACTIVO","AUTOMOVIL","1953","43"
"BOGOTA D.C.","PARTICULAR","ACTIVO","AUTOMOVIL","1953","2498"
"BOGOTA D.C.","OFICIAL","ACTIVO","AUTOMOVIL","1953","27"
"BOGOTA D.C.","PARTICULAR","INCONSISTENTE","AUTOMOVIL","1953","37"
"BOGOTA D.C.","PÚBLICO","ACTIVO","BUS","1953","20"
"BOGOTA D.C.","PARTICULAR","ACTIVO","BUS","1953","26"
"BOGOTA D.C.","PARTICULAR","ACTIVO","BUSETA","1953","1"
"BOGOTA D.C.","PARTICULAR","INCONSISTENTE","CAMION","1953","6"
"BOGOTA D.C.","PARTICULAR","ACTIVO","CAMION","1953","224"
"BOGOTA D.C.","OFICIAL","ACTIVO","CAMION","1953","1"
"BOGOTA D.C.","PÚBLICO","INCONSISTENTE","CAMION","1953","3"
"BOGOTA D.C.","PÚBLICO","ACTIVO","CAMION","1953","71"
"BOGOTA D.C.","PARTICULAR","INCONSISTENTE","CAMIONETA","1953","16"
"BOGOTA D.C.","PARTICULAR","ACTIVO","CAMIONETA","1953","872"
"BOGOTA D.C.","OFICIAL","ACTIVO","CAMIONETA","1953","8"
"BOGOTA D.C.","PÚBLICO","ACTIVO","CAMIONETA","1953","22"
"BOGOTA D.C.","PARTICULAR","INCONSISTENTE","CAMPERO","1953","4"
"BOGOTA D.C.","PARTICULAR","ACTIVO","CAMPERO","1953","57"
"BOGOTA D.C.","PARTICULAR","ACTIVO","MICROBUS","1953","44"
"BOGOTA D.C.","PARTICULAR","INCONSISTENTE","MICROBUS","1953","1"
"BOGOTA D.C.","PÚBLICO","ACTIVO","MICROBUS","1953","4"
"BOGOTA D.C.","PARTICULAR","ACTIVO","MOTOCICLETA","1953","3"
"BOGOTA D.C.","PARTICULAR","INCONSISTENTE","TRACTOCAMION","1953","1"
"BOGOTA D.C.","PÚBLICO","ACTIVO","TRACTOCAMION","1953","2"
"BOGOTA D.C.","PARTICULAR","ACTIVO","TRACTOCAMION","1953","1"
"BOGOTA D.C.","PARTICULAR","ACTIVO","VOLQUETA","1953","9"
"BOGOTA D.C.","PÚBLICO","ACTIVO","VOLQUETA","1953","13"
"BOGOTA D.C.","PÚBLICO","ACTIVO","AUTOMOVIL","1954","59"
"BOGOTA D.C.","PARTICULAR","INCONSISTENTE","AUTOMOVIL","1954","43"
"BOGOTA D.C.","OFICIAL","ACTIVO","AUTOMOVIL","1954","39"
"BOGOTA D.C.","PARTICULAR","ACTIVO","AUTOMOVIL","1954","3252"
"BOGOTA D.C.","PARTICULAR","ACTIVO","BUS","1954","26"
"BOGOTA D.C.","PÚBLICO","ACTIVO","BUS","1954","24"
"BOGOTA D.C.","PÚBLICO","ACTIVO","BUSETA","1954","1"
"BOGOTA D.C.","PARTICULAR","ACTIVO","BUSETA","1954","1"
"BOGOTA D.C.","OFICIAL","ACTIVO","CAMION","1954","2"
"BOGOTA D.C.","PÚBLICO","INCONSISTENTE","CAMION","1954","2"
"BOGOTA D.C.","PÚBLICO","ACTIVO","CAMION","1954","139"
"BOGOTA D.C.","PARTICULAR","ACTIVO","CAMION","1954","297"
"BOGOTA D.C.","PARTICULAR","INCONSISTENTE","CAMION","1954","15"
"BOGOTA D.C.","OFICIAL","ACTIVO","CAMIONETA","1954","11"
"BOGOTA D.C.","PARTICULAR","INCONSISTENTE","CAMIONETA","1954","20"
"BOGOTA D.C.","PARTICULAR","ACTIVO","CAMIONETA","1954","1160"
"BOGOTA D.C.","PÚBLICO","ACTIVO","CAMIONETA","1954","30"
"BOGOTA D.C.","PARTICULAR","INCONSISTENTE","CAMPERO","1954","5"
"BOGOTA D.C.","PARTICULAR","ACTIVO","CAMPERO","1954","89"
"BOGOTA D.C.","PARTICULAR","ACTIVO","MICROBUS","1954","23"
"BOGOTA D.C.","PÚBLICO","ACTIVO","MICROBUS","1954","4"
"BOGOTA D.C.","PARTICULAR","ACTIVO","MOTOCARRO","1954","1"
"BOGOTA D.C.","PARTICULAR","ACTIVO","MOTOCICLETA","1954","11"
"BOGOTA D.C.","PÚBLICO","ACTIVO","TRACTOCAMION","1954","1"
"BOGOTA D.C.","OFICIAL","ACTIVO","VOLQUETA","1954","2"
"BOGOTA D.C.","PÚBLICO","ACTIVO","VOLQUETA","1954","18"
"BOGOTA D.C.","PARTICULAR","ACTIVO","VOLQUETA","1954","14"
"BOGOTA D.C.","PARTICULAR","INCONSISTENTE","AUTOMOVIL","1955","61"
"BOGOTA D.C.","OFICIAL","ACTIVO","AUTOMOVIL","1955","34"
"BOGOTA D.C.","PÚBLICO","ACTIVO","AUTOMOVIL","1955","9"
"BOGOTA D.C.","PARTICULAR","ACTIVO","AUTOMOVIL","1955","2617"
"BOGOTA D.C.","PÚBLICO","ACTIVO","BUS","1955","16"
"BOGOTA D.C.","PARTICULAR","ACTIVO","BUS","1955","24"
"BOGOTA D.C.","PARTICULAR","INCONSISTENTE","BUS","1955","1"
"BOGOTA D.C.","OFICIAL","ACTIVO","BUS","1955","2"
"BOGOTA D.C.","PARTICULAR","ACTIVO","BUSETA","1955","2"
"BOGOTA D.C.","PÚBLICO","ACTIVO","BUSETA","1955","1"
"BOGOTA D.C.","PARTICULAR","INCONSISTENTE","CAMION","1955","11"
"BOGOTA D.C.","PÚBLICO","INCONSISTENTE","CAMION","1955","4"
"BOGOTA D.C.","OFICIAL","ACTIVO","CAMION","1955","3"
"BOGOTA D.C.","PARTICULAR","ACTIVO","CAMION","1955","320"
"BOGOTA D.C.","PÚBLICO","ACTIVO","CAMION","1955","109"
"BOGOTA D.C.","PARTICULAR","INCONSISTENTE","CAMIONETA","1955","25"
"BOGOTA D.C.","OFICIAL","ACTIVO","CAMIONETA","1955","16"
"BOGOTA D.C.","PARTICULAR","ACTIVO","CAMIONETA","1955","1406"
"BOGOTA D.C.","PÚBLICO","ACTIVO","CAMIONETA","1955","35"
"BOGOTA D.C.","OTROS","ACTIVO","CAMIONETA","1955","1"
"BOGOTA D.C.","PARTICULAR","INCONSISTENTE","CAMPERO","1955","6"
"BOGOTA D.C.","OFICIAL","ACTIVO","CAMPERO","1955","2"
"BOGOTA D.C.","PARTICULAR","ACTIVO","CAMPERO","1955","102"
"BOGOTA D.C.","PÚBLICO","ACTIVO","MICROBUS","1955","1"
"BOGOTA D.C.","PARTICULAR","ACTIVO","MICROBUS","1955","16"
"BOGOTA D.C.","PARTICULAR","ACTIVO","MOTOCICLETA","1955","3"
"BOGOTA D.C.","PÚBLICO","ACTIVO","TRACTOCAMION","1955","2"
"BOGOTA D.C.","PÚBLICO","ACTIVO","VOLQUETA","1955","23"
"BOGOTA D.C.","PARTICULAR","ACTIVO","VOLQUETA","1955","22"
"BOGOTA D.C.","PÚBLICO","ACTIVO","AUTOMOVIL","1956","7"
"BOGOTA D.C.","OFICIAL","ACTIVO","AUTOMOVIL","1956","16"
"BOGOTA D.C.","PARTICULAR","INCONSISTENTE","AUTOMOVIL","1956","15"
"BOGOTA D.C.","PARTICULAR","ACTIVO","AUTOMOVIL","1956","1063"
"BOGOTA D.C.","PÚBLICO","INCONSISTENTE","BUS","1956","1"
"BOGOTA D.C.","PÚBLICO","ACTIVO","BUS","1956","8"
"BOGOTA D.C.","PARTICULAR","ACTIVO","BUS","1956","33"
"BOGOTA D.C.","PARTICULAR","INCONSISTENTE","BUS","1956","6"
"BOGOTA D.C.","OFICIAL","ACTIVO","BUS","1956","1"
"BOGOTA D.C.","PARTICULAR","ACTIVO","BUSETA","1956","1"
"BOGOTA D.C.","PÚBLICO","ACTIVO","BUSETA","1956","1"
"BOGOTA D.C.","PARTICULAR","ACTIVO","CAMION","1956","283"
"BOGOTA D.C.","OFICIAL","ACTIVO","CAMION","1956","6"
"BOGOTA D.C.","PÚBLICO","ACTIVO","CAMION","1956","101"
"BOGOTA D.C.","PÚBLICO","INCONSISTENTE","CAMION","1956","4"
"BOGOTA D.C.","PARTICULAR","INCONSISTENTE","CAMION","1956","11"
"BOGOTA D.C.","PÚBLICO","ACTIVO","CAMIONETA","1956","41"
"BOGOTA D.C.","OFICIAL","ACTIVO","CAMIONETA","1956","12"
"BOGOTA D.C.","PARTICULAR","ACTIVO","CAMIONETA","1956","1201"
"BOGOTA D.C.","PARTICULAR","INCONSISTENTE","CAMIONETA","1956","22"
"BOGOTA D.C.","PARTICULAR","ACTIVO","CAMPERO","1956","38"
"BOGOTA D.C.","OFICIAL","ACTIVO","CAMPERO","1956","1"
"BOGOTA D.C.","PARTICULAR","INCONSISTENTE","CAMPERO","1956","3"
"BOGOTA D.C.","PARTICULAR","ACTIVO","MAQ. INDUSTRIAL","1956","1"
"BOGOTA D.C.","PÚBLICO","ACTIVO","MICROBUS","1956","1"
"BOGOTA D.C.","PARTICULAR","ACTIVO","MICROBUS","1956","6"
"BOGOTA D.C.","PARTICULAR","ACTIVO","MOTOCICLETA","1956","5"
"BOGOTA D.C.","PÚBLICO","ACTIVO","TRACTOCAMION","1956","3"
"BOGOTA D.C.","PARTICULAR","ACTIVO","TRACTOCAMION","1956","3"
"BOGOTA D.C.","PARTICULAR","INCONSISTENTE","TRACTOCAMION","1956","2"
"BOGOTA D.C.","PARTICULAR","ACTIVO","VOLQUETA","1956","16"
"BOGOTA D.C.","PÚBLICO","ACTIVO","VOLQUETA","1956","15"
"BOGOTA D.C.","PARTICULAR","INCONSISTENTE","AUTOMOVIL","1957","14"
"BOGOTA D.C.","PÚBLICO","ACTIVO","AUTOMOVIL","1957","7"
"BOGOTA D.C.","OFICIAL","ACTIVO","AUTOMOVIL","1957","9"
"BOGOTA D.C.","PARTICULAR","ACTIVO","AUTOMOVIL","1957","711"
"BOGOTA D.C.","OFICIAL","ACTIVO","BUS","1957","1"
"BOGOTA D.C.","PARTICULAR","ACTIVO","BUS","1957","20"
"BOGOTA D.C.","PÚBLICO","ACTIVO","BUS","1957","3"
"BOGOTA D.C.","PÚBLICO","INCONSISTENTE","BUS","1957","1"
"BOGOTA D.C.","PARTICULAR","ACTIVO","BUSETA","1957","2"
"BOGOTA D.C.","PARTICULAR","INCONSISTENTE","CAMION","1957","10"
"BOGOTA D.C.","PÚBLICO","ACTIVO","CAMION","1957","36"
"BOGOTA D.C.","PARTICULAR","ACTIVO","CAMION","1957","104"
"BOGOTA D.C.","PÚBLICO","INCONSISTENTE","CAMION","1957","3"
"BOGOTA D.C.","PARTICULAR","INCONSISTENTE","CAMIONETA","1957","5"
"BOGOTA D.C.","PARTICULAR","ACTIVO","CAMIONETA","1957","451"
"BOGOTA D.C.","PÚBLICO","ACTIVO","CAMIONETA","1957","20"
"BOGOTA D.C.","OFICIAL","ACTIVO","CAMIONETA","1957","12"
"BOGOTA D.C.","OFICIAL","ACTIVO","CAMPERO","1957","1"
"BOGOTA D.C.","PARTICULAR","ACTIVO","CAMPERO","1957","19"
"BOGOTA D.C.","PARTICULAR","INCONSISTENTE","CAMPERO","1957","2"
"BOGOTA D.C.","PARTICULAR","ACTIVO","MICROBUS","1957","5"
"BOGOTA D.C.","PÚBLICO","ACTIVO","MICROBUS","1957","1"
"BOGOTA D.C.","PARTICULAR","ACTIVO","MOTOCICLETA","1957","5"
"BOGOTA D.C.","PÚBLICO","ACTIVO","TRACTOCAMION","1957","1"
"BOGOTA D.C.","PARTICULAR","ACTIVO","VOLQUETA","1957","4"
"BOGOTA D.C.","PÚBLICO","ACTIVO","VOLQUETA","1957","6"
"BOGOTA D.C.","PÚBLICO","ACTIVO","AUTOMOVIL","1958","2"
"BOGOTA D.C.","PARTICULAR","INCONSISTENTE","AUTOMOVIL","1958","12"
"BOGOTA D.C.","PARTICULAR","ACTIVO","AUTOMOVIL","1958","396"
"BOGOTA D.C.","OFICIAL","ACTIVO","AUTOMOVIL","1958","5"
"BOGOTA D.C.","PARTICULAR","INCONSISTENTE","BUS","1958","1"
"BOGOTA D.C.","PARTICULAR","ACTIVO","BUS","1958","7"
"BOGOTA D.C.","PÚBLICO","ACTIVO","BUS","1958","4"
"BOGOTA D.C.","PARTICULAR","INCONSISTENTE","CAMION","1958","8"
"BOGOTA D.C.","PÚBLICO","INCONSISTENTE","CAMION","1958","3"
"BOGOTA D.C.","PARTICULAR","ACTIVO","CAMION","1958","56"
"BOGOTA D.C.","PÚBLICO","ACTIVO","CAMION","1958","20"
"BOGOTA D.C.","OFICIAL","ACTIVO","CAMION","1958","2"
"BOGOTA D.C.","PÚBLICO","INCONSISTENTE","CAMIONETA","1958","1"
"BOGOTA D.C.","PÚBLICO","ACTIVO","CAMIONETA","1958","12"
"BOGOTA D.C.","OFICIAL","ACTIVO","CAMIONETA","1958","4"
"BOGOTA D.C.","PARTICULAR","ACTIVO","CAMIONETA","1958","295"
"BOGOTA D.C.","PARTICULAR","INCONSISTENTE","CAMIONETA","1958","7"
"BOGOTA D.C.","OFICIAL","ACTIVO","CAMPERO","1958","1"
"BOGOTA D.C.","PARTICULAR","ACTIVO","CAMPERO","1958","14"
"BOGOTA D.C.","PARTICULAR","INCONSISTENTE","CAMPERO","1958","1"
"BOGOTA D.C.","PARTICULAR","ACTIVO","MAQ. INDUSTRIAL","1958","3"
"BOGOTA D.C.","PARTICULAR","ACTIVO","MICROBUS","1958","6"
"BOGOTA D.C.","PARTICULAR","ACTIVO","MOTOCICLETA","1958","1"
"BOGOTA D.C.","PARTICULAR","ACTIVO","TRACTOCAMION","1958","1"
"BOGOTA D.C.","PARTICULAR","ACTIVO","VOLQUETA","1958","3"
"BOGOTA D.C.","PÚBLICO","ACTIVO","VOLQUETA","1958","1"
"BOGOTA D.C.","PARTICULAR","INCONSISTENTE","AUTOMOVIL","1959","8"
"BOGOTA D.C.","PARTICULAR","ACTIVO","AUTOMOVIL","1959","286"
"BOGOTA D.C.","OFICIAL","ACTIVO","AUTOMOVIL","1959","6"
"BOGOTA D.C.","PÚBLICO","ACTIVO","AUTOMOVIL","1959","1"
"BOGOTA D.C.","PARTICULAR","ACTIVO","BUS","1959","27"
"BOGOTA D.C.","PARTICULAR","INCONSISTENTE","BUS","1959","3"
"BOGOTA D.C.","OFICIAL","ACTIVO","BUS","1959","1"
"BOGOTA D.C.","PÚBLICO","ACTIVO","BUS","1959","13"
"BOGOTA D.C.","PARTICULAR","ACTIVO","BUSETA","1959","4"
"BOGOTA D.C.","PARTICULAR","ACTIVO","CAMION","1959","149"
"BOGOTA D.C.","PÚBLICO","INCONSISTENTE","CAMION","1959","1"
"BOGOTA D.C.","OFICIAL","ACTIVO","CAMION","1959","1"
"BOGOTA D.C.","PÚBLICO","ACTIVO","CAMION","1959","39"
"BOGOTA D.C.","PARTICULAR","INCONSISTENTE","CAMION","1959","9"
"BOGOTA D.C.","PÚBLICO","ACTIVO","CAMIONETA","1959","19"
"BOGOTA D.C.","OFICIAL","ACTIVO","CAMIONETA","1959","5"
"BOGOTA D.C.","PARTICULAR","ACTIVO","CAMIONETA","1959","471"
"BOGOTA D.C.","PARTICULAR","INCONSISTENTE","CAMIONETA","1959","22"
"BOGOTA D.C.","OFICIAL","ACTIVO","CAMPERO","1959","1"
"BOGOTA D.C.","PARTICULAR","INCONSISTENTE","CAMPERO","1959","4"
"BOGOTA D.C.","PARTICULAR","ACTIVO","CAMPERO","1959","59"
"BOGOTA D.C.","PARTICULAR","ACTIVO","MICROBUS","1959","5"
"BOGOTA D.C.","PÚBLICO","ACTIVO","MICROBUS","1959","1"
"BOGOTA D.C.","PARTICULAR","ACTIVO","MOTOCICLETA","1959","2"
"BOGOTA D.C.","PARTICULAR","ACTIVO","VOLQUETA","1959","11"
"BOGOTA D.C.","PÚBLICO","ACTIVO","VOLQUETA","1959","5"
"BOGOTA D.C.","OFICIAL","ACTIVO","AUTOMOVIL","1960","15"
"BOGOTA D.C.","PARTICULAR","INCONSISTENTE","AUTOMOVIL","1960","10"
"BOGOTA D.C.","PARTICULAR","ACTIVO","AUTOMOVIL","1960","952"
"BOGOTA D.C.","PÚBLICO","INCONSISTENTE","AUTOMOVIL","1960","2"
"BOGOTA D.C.","PÚBLICO","ACTIVO","AUTOMOVIL","1960","41"
"BOGOTA D.C.","PÚBLICO","ACTIVO","BUS","1960","43"
"BOGOTA D.C.","OFICIAL","ACTIVO","BUS","1960","2"
"BOGOTA D.C.","PÚBLICO","INCONSISTENTE","BUS","1960","2"
"BOGOTA D.C.","PARTICULAR","INCONSISTENTE","BUS","1960","2"
"BOGOTA D.C.","PARTICULAR","ACTIVO","BUS","1960","92"
"BOGOTA D.C.","PARTICULAR","ACTIVO","BUSETA","1960","2"
"BOGOTA D.C.","PÚBLICO","ACTIVO","BUSETA","1960","1"
"BOGOTA D.C.","PARTICULAR","INCONSISTENTE","CAMION","1960","16"
"BOGOTA D.C.","PARTICULAR","ACTIVO","CAMION","1960","214"
"BOGOTA D.C.","PÚBLICO","ACTIVO","CAMION","1960","77"
"BOGOTA D.C.","OFICIAL","ACTIVO","CAMION","1960","6"
"BOGOTA D.C.","PARTICULAR","ACTIVO","CAMIONETA","1960","540"
"BOGOTA D.C.","PÚBLICO","ACTIVO","CAMIONETA","1960","20"
"BOGOTA D.C.","PÚBLICO","INCONSISTENTE","CAMIONETA","1960","2"
"BOGOTA D.C.","PARTICULAR","INCONSISTENTE","CAMIONETA","1960","17"
"BOGOTA D.C.","OFICIAL","ACTIVO","CAMIONETA","1960","4"
"BOGOTA D.C.","PARTICULAR","INCONSISTENTE","CAMPERO","1960","11"
"BOGOTA D.C.","PARTICULAR","ACTIVO","CAMPERO","1960","116"
"BOGOTA D.C.","PARTICULAR","ACTIVO","MICROBUS","1960","3"
"BOGOTA D.C.","PARTICULAR","ACTIVO","MOTOCICLETA","1960","3"
"BOGOTA D.C.","PÚBLICO","ACTIVO","VOLQUETA","1960","9"
"BOGOTA D.C.","PARTICULAR","ACTIVO","VOLQUETA","1960","6"
"BOGOTA D.C.","PÚBLICO","ACTIVO","AUTOMOVIL","1961","209"
"BOGOTA D.C.","PARTICULAR","ACTIVO","AUTOMOVIL","1961","3009"
"BOGOTA D.C.","PÚBLICO","INCONSISTENTE","AUTOMOVIL","1961","10"
"BOGOTA D.C.","PARTICULAR","INCONSISTENTE","AUTOMOVIL","1961","45"
"BOGOTA D.C.","OFICIAL","ACTIVO","AUTOMOVIL","1961","29"
"BOGOTA D.C.","PÚBLICO","INCONSISTENTE","BUS","1961","2"
"BOGOTA D.C.","PÚBLICO","ACTIVO","BUS","1961","52"
"BOGOTA D.C.","PARTICULAR","INCONSISTENTE","BUS","1961","3"
"BOGOTA D.C.","PARTICULAR","ACTIVO","BUS","1961","110"
"BOGOTA D.C.","PARTICULAR","ACTIVO","BUSETA","1961","2"
"BOGOTA D.C.","PARTICULAR","ACTIVO","CAMION","1961","100"
"BOGOTA D.C.","PARTICULAR","INCONSISTENTE","CAMION","1961","7"
"BOGOTA D.C.","PÚBLICO","ACTIVO","CAMION","1961","28"
"BOGOTA D.C.","PÚBLICO","ACTIVO","CAMIONETA","1961","9"
"BOGOTA D.C.","PARTICULAR","ACTIVO","CAMIONETA","1961","290"
"BOGOTA D.C.","OFICIAL","ACTIVO","CAMIONETA","1961","8"
"BOGOTA D.C.","PARTICULAR","INCONSISTENTE","CAMIONETA","1961","5"
"BOGOTA D.C.","PARTICULAR","ACTIVO","CAMPERO","1961","206"
"BOGOTA D.C.","OFICIAL","ACTIVO","CAMPERO","1961","8"
"BOGOTA D.C.","PARTICULAR","INCONSISTENTE","CAMPERO","1961","13"
"BOGOTA D.C.","OFICIAL","ACTIVO","MAQ. AGRICOLA","1961","1"
"BOGOTA D.C.","PARTICULAR","ACTIVO","MICROBUS","1961","4"
"BOGOTA D.C.","PARTICULAR","ACTIVO","MOTOCICLETA","1961","4"
"BOGOTA D.C.","PARTICULAR","INCONSISTENTE","TRACTOCAMION","1961","1"
"BOGOTA D.C.","PARTICULAR","ACTIVO","TRACTOCAMION","1961","1"
"BOGOTA D.C.","PÚBLICO","ACTIVO","VOLQUETA","1961","11"
"BOGOTA D.C.","PARTICULAR","ACTIVO","VOLQUETA","1961","6"
"BOGOTA D.C.","PARTICULAR","INCONSISTENTE","AUTOMOVIL","1962","12"
"BOGOTA D.C.","OTROS","ACTIVO","AUTOMOVIL","1962","2"
"BOGOTA D.C.","PÚBLICO","ACTIVO","AUTOMOVIL","1962","4"
"BOGOTA D.C.","PARTICULAR","ACTIVO","AUTOMOVIL","1962","975"
"BOGOTA D.C.","OFICIAL","ACTIVO","AUTOMOVIL","1962","33"
"BOGOTA D.C.","PARTICULAR","ACTIVO","BUS","1962","81"
"BOGOTA D.C.","PÚBLICO","INCONSISTENTE","BUS","1962","1"
"BOGOTA D.C.","PARTICULAR","INCONSISTENTE","BUS","1962","3"
"BOGOTA D.C.","PÚBLICO","ACTIVO","BUS","1962","35"
"BOGOTA D.C.","OFICIAL","ACTIVO","BUS","1962","3"
"BOGOTA D.C.","PARTICULAR","ACTIVO","BUSETA","1962","3"
"BOGOTA D.C.","PÚBLICO","ACTIVO","BUSETA","1962","3"
"BOGOTA D.C.","PÚBLICO","ACTIVO","CAMION","1962","11"
"BOGOTA D.C.","PARTICULAR","INCONSISTENTE","CAMION","1962","6"
"BOGOTA D.C.","PARTICULAR","ACTIVO","CAMION","1962","98"
"BOGOTA D.C.","OFICIAL","ACTIVO","CAMION","1962","3"
"BOGOTA D.C.","PÚBLICO","INCONSISTENTE","CAMIONETA","1962","1"
"BOGOTA D.C.","PARTICULAR","ACTIVO","CAMIONETA","1962","263"
"BOGOTA D.C.","OFICIAL","ACTIVO","CAMIONETA","1962","12"
"BOGOTA D.C.","PÚBLICO","ACTIVO","CAMIONETA","1962","7"
"BOGOTA D.C.","PARTICULAR","INCONSISTENTE","CAMIONETA","1962","11"
"BOGOTA D.C.","PARTICULAR","ACTIVO","CAMPERO","1962","257"
"BOGOTA D.C.","PARTICULAR","INCONSISTENTE","CAMPERO","1962","18"
"BOGOTA D.C.","OFICIAL","ACTIVO","CAMPERO","1962","21"
"BOGOTA D.C.","PÚBLICO","ACTIVO","CAMPERO","1962","1"
"BOGOTA D.C.","PARTICULAR","INCONSISTENTE","MAQ. AGRICOLA","1962","1"
"BOGOTA D.C.","PARTICULAR","ACTIVO","MAQ. INDUSTRIAL","1962","1"
"BOGOTA D.C.","PARTICULAR","ACTIVO","MICROBUS","1962","2"
"BOGOTA D.C.","PÚBLICO","ACTIVO","MICROBUS","1962","1"
"BOGOTA D.C.","PARTICULAR","ACTIVO","MOTOCICLETA","1962","17"
"BOGOTA D.C.","PARTICULAR","ACTIVO","VOLQUETA","1962","7"
"BOGOTA D.C.","PÚBLICO","ACTIVO","VOLQUETA","1962","6"
"BOGOTA D.C.","PARTICULAR","INCONSISTENTE","AUTOMOVIL","1963","10"
"BOGOTA D.C.","OFICIAL","ACTIVO","AUTOMOVIL","1963","15"
"BOGOTA D.C.","PÚBLICO","ACTIVO","AUTOMOVIL","1963","3"
"BOGOTA D.C.","PARTICULAR","ACTIVO","AUTOMOVIL","1963","380"
"BOGOTA D.C.","PARTICULAR","INCONSISTENTE","BUS","1963","3"
"BOGOTA D.C.","PÚBLICO","INCONSISTENTE","BUS","1963","1"
"BOGOTA D.C.","OFICIAL","ACTIVO","BUS","1963","2"
"BOGOTA D.C.","PÚBLICO","ACTIVO","BUS","1963","30"
"BOGOTA D.C.","PARTICULAR","ACTIVO","BUS","1963","70"
"BOGOTA D.C.","PARTICULAR","ACTIVO","CAMION","1963","119"
"BOGOTA D.C.","PARTICULAR","INCONSISTENTE","CAMION","1963","12"
"BOGOTA D.C.","OFICIAL","ACTIVO","CAMION","1963","8"
"BOGOTA D.C.","PÚBLICO","ACTIVO","CAMION","1963","30"
"BOGOTA D.C.","PÚBLICO","ACTIVO","CAMIONETA","1963","16"
"BOGOTA D.C.","PARTICULAR","INCONSISTENTE","CAMIONETA","1963","13"
"BOGOTA D.C.","OFICIAL","ACTIVO","CAMIONETA","1963","13"
"BOGOTA D.C.","PARTICULAR","ACTIVO","CAMIONETA","1963","366"
"BOGOTA D.C.","PARTICULAR","ACTIVO","CAMPERO","1963","139"
"BOGOTA D.C.","PARTICULAR","INCONSISTENTE","CAMPERO","1963","11"
"BOGOTA D.C.","OFICIAL","ACTIVO","CAMPERO","1963","3"
"BOGOTA D.C.","PARTICULAR","ACTIVO","MAQ. INDUSTRIAL","1963","3"
"BOGOTA D.C.","PARTICULAR","INCONSISTENTE","MICROBUS","1963","1"
"BOGOTA D.C.","PARTICULAR","ACTIVO","MICROBUS","1963","48"
"BOGOTA D.C.","PÚBLICO","ACTIVO","MICROBUS","1963","11"
"BOGOTA D.C.","PARTICULAR","ACTIVO","MOTOCARRO","1963","4"
"BOGOTA D.C.","PARTICULAR","ACTIVO","MOTOCICLETA","1963","46"
"BOGOTA D.C.","PÚBLICO","INCONSISTENTE","TRACTOCAMION","1963","1"
"BOGOTA D.C.","PARTICULAR","ACTIVO","TRACTOCAMION","1963","2"
"BOGOTA D.C.","PÚBLICO","ACTIVO","TRACTOCAMION","1963","1"
"BOGOTA D.C.","PÚBLICO","ACTIVO","VOLQUETA","1963","7"
"BOGOTA D.C.","PARTICULAR","ACTIVO","VOLQUETA","1963","5"
"BOGOTA D.C.","PARTICULAR","ACTIVO","AUTOMOVIL","1964","484"
"BOGOTA D.C.","PÚBLICO","ACTIVO","AUTOMOVIL","1964","3"
"BOGOTA D.C.","PARTICULAR","INCONSISTENTE","AUTOMOVIL","1964","18"
"BOGOTA D.C.","OFICIAL","ACTIVO","AUTOMOVIL","1964","7"
"BOGOTA D.C.","PÚBLICO","INCONSISTENTE","BUS","1964","2"
"BOGOTA D.C.","OFICIAL","ACTIVO","BUS","1964","2"
"BOGOTA D.C.","PÚBLICO","ACTIVO","BUS","1964","7"
"BOGOTA D.C.","PARTICULAR","ACTIVO","BUS","1964","19"
"BOGOTA D.C.","PÚBLICO","ACTIVO","BUSETA","1964","1"
"BOGOTA D.C.","PARTICULAR","ACTIVO","BUSETA","1964","1"
"BOGOTA D.C.","PÚBLICO","ACTIVO","CAMION","1964","19"
"BOGOTA D.C.","PARTICULAR","ACTIVO","CAMION","1964","72"
"BOGOTA D.C.","PARTICULAR","INCONSISTENTE","CAMION","1964","7"
"BOGOTA D.C.","PARTICULAR","INCONSISTENTE","CAMIONETA","1964","11"
"BOGOTA D.C.","PARTICULAR","ACTIVO","CAMIONETA","1964","414"
"BOGOTA D.C.","OFICIAL","ACTIVO","CAMIONETA","1964","16"
"BOGOTA D.C.","PÚBLICO","ACTIVO","CAMIONETA","1964","5"
"BOGOTA D.C.","PÚBLICO","ACTIVO","CAMPERO","1964","1"
"BOGOTA D.C.","PARTICULAR","ACTIVO","CAMPERO","1964","140"
"BOGOTA D.C.","PARTICULAR","INCONSISTENTE","CAMPERO","1964","12"
"BOGOTA D.C.","OFICIAL","ACTIVO","CAMPERO","1964","13"
"BOGOTA D.C.","PARTICULAR","ACTIVO","MAQ. INDUSTRIAL","1964","3"
"BOGOTA D.C.","PÚBLICO","ACTIVO","MICROBUS","1964","11"
"BOGOTA D.C.","OFICIAL","ACTIVO","MICROBUS","1964","1"
"BOGOTA D.C.","PARTICULAR","ACTIVO","MICROBUS","1964","53"
"BOGOTA D.C.","PARTICULAR","INCONSISTENTE","MICROBUS","1964","3"
"BOGOTA D.C.","PARTICULAR","ACTIVO","MOTOCARRO","1964","1"
"BOGOTA D.C.","PARTICULAR","INCONSISTENTE","MOTOCICLETA","1964","2"
"BOGOTA D.C.","PARTICULAR","ACTIVO","MOTOCICLETA","1964","32"
"BOGOTA D.C.","OFICIAL","ACTIVO","MOTOCICLETA","1964","2"
"BOGOTA D.C.","PÚBLICO","ACTIVO","TRACTOCAMION","1964","2"
"BOGOTA D.C.","PARTICULAR","INCONSISTENTE","TRACTOCAMION","1964","1"
"BOGOTA D.C.","PARTICULAR","ACTIVO","TRACTOCAMION","1964","1"
"BOGOTA D.C.","OFICIAL","ACTIVO","TRACTOCAMION","1964","1"
"BOGOTA D.C.","PÚBLICO","INCONSISTENTE","TRACTOCAMION","1964","1"
"BOGOTA D.C.","PÚBLICO","ACTIVO","VOLQUETA","1964","3"
"BOGOTA D.C.","PARTICULAR","ACTIVO","VOLQUETA","1964","2"
"BOGOTA D.C.","PARTICULAR","INCONSISTENTE","AUTOMOVIL","1965","15"
"BOGOTA D.C.","PARTICULAR","ACTIVO","AUTOMOVIL","1965","551"
"BOGOTA D.C.","OFICIAL","ACTIVO","AUTOMOVIL","1965","10"
"BOGOTA D.C.","PARTICULAR","INCONSISTENTE","BUS","1965","6"
"BOGOTA D.C.","PARTICULAR","ACTIVO","BUS","1965","97"
"BOGOTA D.C.","PÚBLICO","ACTIVO","BUS","1965","36"
"BOGOTA D.C.","PARTICULAR","ACTIVO","BUSETA","1965","2"
"BOGOTA D.C.","OFICIAL","ACTIVO","CAMION","1965","3"
"BOGOTA D.C.","PARTICULAR","INCONSISTENTE","CAMION","1965","9"
"BOGOTA D.C.","PÚBLICO","ACTIVO","CAMION","1965","31"
"BOGOTA D.C.","PÚBLICO","INCONSISTENTE","CAMION","1965","1"
"BOGOTA D.C.","PARTICULAR","ACTIVO","CAMION","1965","103"
"BOGOTA D.C.","OFICIAL","ACTIVO","CAMIONETA","1965","14"
"BOGOTA D.C.","PÚBLICO","ACTIVO","CAMIONETA","1965","5"
"BOGOTA D.C.","PARTICULAR","INCONSISTENTE","CAMIONETA","1965","10"
"BOGOTA D.C.","PARTICULAR","ACTIVO","CAMIONETA","1965","352"
"BOGOTA D.C.","OFICIAL","ACTIVO","CAMPERO","1965","4"
"BOGOTA D.C.","PARTICULAR","INCONSISTENTE","CAMPERO","1965","19"
"BOGOTA D.C.","PARTICULAR","ACTIVO","CAMPERO","1965","274"
"BOGOTA D.C.","PÚBLICO","ACTIVO","MICROBUS","1965","4"
"BOGOTA D.C.","PARTICULAR","INCONSISTENTE","MICROBUS","1965","1"
"BOGOTA D.C.","PÚBLICO","INCONSISTENTE","MICROBUS","1965","1"
"BOGOTA D.C.","PARTICULAR","ACTIVO","MICROBUS","1965","67"
"BOGOTA D.C.","PARTICULAR","ACTIVO","MOTOCARRO","1965","2"
"BOGOTA D.C.","PARTICULAR","ACTIVO","MOTOCICLETA","1965","8"
"BOGOTA D.C.","PÚBLICO","ACTIVO","TRACTOCAMION","1965","2"
"BOGOTA D.C.","PARTICULAR","ACTIVO","TRACTOCAMION","1965","1"
"BOGOTA D.C.","PARTICULAR","INCONSISTENTE","TRACTOCAMION","1965","3"
"BOGOTA D.C.","PÚBLICO","ACTIVO","VOLQUETA","1965","7"
"BOGOTA D.C.","PARTICULAR","ACTIVO","VOLQUETA","1965","5"
"BOGOTA D.C.","PÚBLICO","ACTIVO","AUTOMOVIL","1966","11"
"BOGOTA D.C.","OFICIAL","ACTIVO","AUTOMOVIL","1966","14"
"BOGOTA D.C.","PARTICULAR","INCONSISTENTE","AUTOMOVIL","1966","41"
"BOGOTA D.C.","PARTICULAR","ACTIVO","AUTOMOVIL","1966","2332"
"BOGOTA D.C.","PÚBLICO","ACTIVO","BUS","1966","33"
"BOGOTA D.C.","PARTICULAR","ACTIVO","BUS","1966","71"
"BOGOTA D.C.","PARTICULAR","INCONSISTENTE","BUS","1966","6"
"BOGOTA D.C.","PARTICULAR","ACTIVO","BUSETA","1966","4"
"BOGOTA D.C.","PÚBLICO","ACTIVO","CAMION","1966","25"
"BOGOTA D.C.","PARTICULAR","INCONSISTENTE","CAMION","1966","5"
"BOGOTA D.C.","PARTICULAR","ACTIVO","CAMION","1966","115"
"BOGOTA D.C.","OFICIAL","ACTIVO","CAMION","1966","1"
"BOGOTA D.C.","PÚBLICO","ACTIVO","CAMIONETA","1966","37"
"BOGOTA D.C.","OFICIAL","ACTIVO","CAMIONETA","1966","11"
"BOGOTA D.C.","PARTICULAR","INCONSISTENTE","CAMIONETA","1966","11"
"BOGOTA D.C.","PARTICULAR","ACTIVO","CAMIONETA","1966","554"
"BOGOTA D.C.","PÚBLICO","INCONSISTENTE","CAMIONETA","1966","1"
"BOGOTA D.C.","OFICIAL","ACTIVO","CAMPERO","1966","8"
"BOGOTA D.C.","PARTICULAR","INCONSISTENTE","CAMPERO","1966","16"
"BOGOTA D.C.","PARTICULAR","ACTIVO","CAMPERO","1966","269"
"BOGOTA D.C.","PARTICULAR","ACTIVO","MAQ. INDUSTRIAL","1966","1"
"BOGOTA D.C.","PARTICULAR","ACTIVO","MICROBUS","1966","118"
"BOGOTA D.C.","PARTICULAR","INCONSISTENTE","MICROBUS","1966","1"
"BOGOTA D.C.","PÚBLICO","ACTIVO","MICROBUS","1966","16"
"BOGOTA D.C.","PÚBLICO","INCONSISTENTE","MICROBUS","1966","1"
"BOGOTA D.C.","OFICIAL","ACTIVO","MICROBUS","1966","1"
"BOGOTA D.C.","PARTICULAR","ACTIVO","MOTOCARRO","1966","1"
"BOGOTA D.C.","PARTICULAR","ACTIVO","MOTOCICLETA","1966","14"
"BOGOTA D.C.","PÚBLICO","INCONSISTENTE","TRACTOCAMION","1966","2"
"BOGOTA D.C.","PARTICULAR","ACTIVO","TRACTOCAMION","1966","1"
"BOGOTA D.C.","PÚBLICO","ACTIVO","TRACTOCAMION","1966","1"
"BOGOTA D.C.","PARTICULAR","ACTIVO","VOLQUETA","1966","5"
"BOGOTA D.C.","PÚBLICO","ACTIVO","VOLQUETA","1966","6"
"BOGOTA D.C.","PARTICULAR","ACTIVO","AUTOMOVIL","1967","1608"
"BOGOTA D.C.","PÚBLICO","ACTIVO","AUTOMOVIL","1967","68"
"BOGOTA D.C.","PÚBLICO","INCONSISTENTE","AUTOMOVIL","1967","3"
"BOGOTA D.C.","PARTICULAR","INCONSISTENTE","AUTOMOVIL","1967","35"
"BOGOTA D.C.","OFICIAL","ACTIVO","AUTOMOVIL","1967","26"
"BOGOTA D.C.","PÚBLICO","INCONSISTENTE","BUS","1967","1"
"BOGOTA D.C.","OFICIAL","ACTIVO","BUS","1967","5"
"BOGOTA D.C.","PARTICULAR","INCONSISTENTE","BUS","1967","3"
"BOGOTA D.C.","PARTICULAR","ACTIVO","BUS","1967","61"
"BOGOTA D.C.","PÚBLICO","ACTIVO","BUS","1967","22"
"BOGOTA D.C.","PARTICULAR","ACTIVO","BUSETA","1967","3"
"BOGOTA D.C.","PÚBLICO","ACTIVO","BUSETA","1967","1"
"BOGOTA D.C.","OFICIAL","ACTIVO","CAMION","1967","1"
"BOGOTA D.C.","PARTICULAR","ACTIVO","CAMION","1967","107"
"BOGOTA D.C.","PÚBLICO","INCONSISTENTE","CAMION","1967","1"
"BOGOTA D.C.","PARTICULAR","INCONSISTENTE","CAMION","1967","7"
"BOGOTA D.C.","PÚBLICO","ACTIVO","CAMION","1967","27"
"BOGOTA D.C.","PARTICULAR","ACTIVO","CAMIONETA","1967","462"
"BOGOTA D.C.","PÚBLICO","ACTIVO","CAMIONETA","1967","31"
"BOGOTA D.C.","PÚBLICO","INCONSISTENTE","CAMIONETA","1967","2"
"BOGOTA D.C.","PARTICULAR","INCONSISTENTE","CAMIONETA","1967","17"
"BOGOTA D.C.","OFICIAL","ACTIVO","CAMIONETA","1967","20"
"BOGOTA D.C.","PARTICULAR","ACTIVO","CAMPERO","1967","322"
"BOGOTA D.C.","PARTICULAR","INCONSISTENTE","CAMPERO","1967","21"
"BOGOTA D.C.","PÚBLICO","ACTIVO","CAMPERO","1967","3"
"BOGOTA D.C.","PÚBLICO","INCONSISTENTE","CAMPERO","1967","1"
"BOGOTA D.C.","OFICIAL","ACTIVO","CAMPERO","1967","9"
"BOGOTA D.C.","OTROS","ACTIVO","CAMPERO","1967","1"
"BOGOTA D.C.","PARTICULAR","ACTIVO","MAQ. INDUSTRIAL","1967","1"
"BOGOTA D.C.","PÚBLICO","ACTIVO","MICROBUS","1967","6"
"BOGOTA D.C.","PÚBLICO","INCONSISTENTE","MICROBUS","1967","3"
"BOGOTA D.C.","PARTICULAR","ACTIVO","MICROBUS","1967","50"
"BOGOTA D.C.","PARTICULAR","INCONSISTENTE","MICROBUS","1967","2"
"BOGOTA D.C.","PARTICULAR","ACTIVO","MOTOCARRO","1967","1"
"BOGOTA D.C.","PARTICULAR","INCONSISTENTE","MOTOCICLETA","1967","1"
"BOGOTA D.C.","PARTICULAR","ACTIVO","MOTOCICLETA","1967","8"
"BOGOTA D.C.","PÚBLICO","ACTIVO","TRACTOCAMION","1967","6"
"BOGOTA D.C.","PARTICULAR","ACTIVO","TRACTOCAMION","1967","1"
"BOGOTA D.C.","PARTICULAR","ACTIVO","VOLQUETA","1967","6"
"BOGOTA D.C.","PÚBLICO","ACTIVO","VOLQUETA","1967","5"
"BOGOTA D.C.","PARTICULAR","INCONSISTENTE","AUTOMOVIL","1968","25"
"BOGOTA D.C.","PARTICULAR","ACTIVO","AUTOMOVIL","1968","1305"
"BOGOTA D.C.","OFICIAL","ACTIVO","AUTOMOVIL","1968","13"
"BOGOTA D.C.","PÚBLICO","ACTIVO","AUTOMOVIL","1968","73"
"BOGOTA D.C.","PÚBLICO","INCONSISTENTE","AUTOMOVIL","1968","6"
"BOGOTA D.C.","PARTICULAR","INCONSISTENTE","BUS","1968","3"
"BOGOTA D.C.","PARTICULAR","ACTIVO","BUS","1968","97"
"BOGOTA D.C.","PÚBLICO","ACTIVO","BUS","1968","41"
"BOGOTA D.C.","PÚBLICO","INCONSISTENTE","BUS","1968","4"
"BOGOTA D.C.","OFICIAL","INCONSISTENTE","BUS","1968","1"
"BOGOTA D.C.","PÚBLICO","ACTIVO","BUSETA","1968","7"
"BOGOTA D.C.","PARTICULAR","ACTIVO","BUSETA","1968","3"
"BOGOTA D.C.","OFICIAL","INCONSISTENTE","CAMION","1968","1"
"BOGOTA D.C.","OFICIAL","ACTIVO","CAMION","1968","8"
"BOGOTA D.C.","PÚBLICO","ACTIVO","CAMION","1968","28"
"BOGOTA D.C.","PÚBLICO","INCONSISTENTE","CAMION","1968","1"
"BOGOTA D.C.","PARTICULAR","INCONSISTENTE","CAMION","1968","10"
"BOGOTA D.C.","PARTICULAR","ACTIVO","CAMION","1968","104"
"BOGOTA D.C.","OFICIAL","INCONSISTENTE","CAMIONETA","1968","1"
"BOGOTA D.C.","PÚBLICO","INCONSISTENTE","CAMIONETA","1968","1"
"BOGOTA D.C.","PÚBLICO","ACTIVO","CAMIONETA","1968","19"
"BOGOTA D.C.","PARTICULAR","ACTIVO","CAMIONETA","1968","288"
"BOGOTA D.C.","OFICIAL","ACTIVO","CAMIONETA","1968","11"
"BOGOTA D.C.","PARTICULAR","INCONSISTENTE","CAMIONETA","1968","16"
"BOGOTA D.C.","OFICIAL","ACTIVO","CAMPERO","1968","16"
"BOGOTA D.C.","PARTICULAR","ACTIVO","CAMPERO","1968","482"
"BOGOTA D.C.","PÚBLICO","INCONSISTENTE","CAMPERO","1968","2"
"BOGOTA D.C.","PARTICULAR","INCONSISTENTE","CAMPERO","1968","52"
"BOGOTA D.C.","PARTICULAR","ACTIVO","MAQ. INDUSTRIAL","1968","1"
"BOGOTA D.C.","PARTICULAR","INCONSISTENTE","MICROBUS","1968","2"
"BOGOTA D.C.","PÚBLICO","INCONSISTENTE","MICROBUS","1968","1"
"BOGOTA D.C.","PARTICULAR","ACTIVO","MICROBUS","1968","88"
"BOGOTA D.C.","OFICIAL","ACTIVO","MICROBUS","1968","1"
"BOGOTA D.C.","PÚBLICO","ACTIVO","MICROBUS","1968","9"
"BOGOTA D.C.","PARTICULAR","ACTIVO","MOTOCICLETA","1968","21"
"BOGOTA D.C.","PÚBLICO","INCONSISTENTE","TRACTOCAMION","1968","1"
"BOGOTA D.C.","PÚBLICO","ACTIVO","TRACTOCAMION","1968","2"
"BOGOTA D.C.","PARTICULAR","INCONSISTENTE","TRACTOCAMION","1968","2"
"BOGOTA D.C.","PÚBLICO","ACTIVO","VOLQUETA","1968","4"
"BOGOTA D.C.","PARTICULAR","ACTIVO","VOLQUETA","1968","2"
"BOGOTA D.C.","PÚBLICO","ACTIVO","AUTOMOVIL","1969","15"
"BOGOTA D.C.","PARTICULAR","ACTIVO","AUTOMOVIL","1969","808"
"BOGOTA D.C.","PARTICULAR","INCONSISTENTE","AUTOMOVIL","1969","12"
"BOGOTA D.C.","PÚBLICO","INCONSISTENTE","AUTOMOVIL","1969","2"
"BOGOTA D.C.","OFICIAL","ACTIVO","AUTOMOVIL","1969","21"
"BOGOTA D.C.","PÚBLICO","ACTIVO","BUS","1969","48"
"BOGOTA D.C.","OFICIAL","ACTIVO","BUS","1969","1"
"BOGOTA D.C.","PÚBLICO","INCONSISTENTE","BUS","1969","5"
"BOGOTA D.C.","PARTICULAR","INCONSISTENTE","BUS","1969","5"
"BOGOTA D.C.","PARTICULAR","ACTIVO","BUS","1969","101"
"BOGOTA D.C.","PÚBLICO","ACTIVO","BUSETA","1969","11"
"BOGOTA D.C.","PARTICULAR","ACTIVO","BUSETA","1969","21"
"BOGOTA D.C.","PÚBLICO","INCONSISTENTE","CAMION","1969","1"
"BOGOTA D.C.","OFICIAL","ACTIVO","CAMION","1969","9"
"BOGOTA D.C.","PARTICULAR","INCONSISTENTE","CAMION","1969","11"
"BOGOTA D.C.","PARTICULAR","ACTIVO","CAMION","1969","101"
"BOGOTA D.C.","PÚBLICO","ACTIVO","CAMION","1969","58"
"BOGOTA D.C.","PÚBLICO","ACTIVO","CAMIONETA","1969","17"
"BOGOTA D.C.","PARTICULAR","INCONSISTENTE","CAMIONETA","1969","9"
"BOGOTA D.C.","OFICIAL","ACTIVO","CAMIONETA","1969","11"
"BOGOTA D.C.","PARTICULAR","ACTIVO","CAMIONETA","1969","248"
"BOGOTA D.C.","OFICIAL","INCONSISTENTE","CAMPERO","1969","1"
"BOGOTA D.C.","PÚBLICO","INCONSISTENTE","CAMPERO","1969","1"
"BOGOTA D.C.","OFICIAL","ACTIVO","CAMPERO","1969","34"
"BOGOTA D.C.","PARTICULAR","ACTIVO","CAMPERO","1969","777"
"BOGOTA D.C.","PÚBLICO","ACTIVO","CAMPERO","1969","2"
"BOGOTA D.C.","PARTICULAR","INCONSISTENTE","CAMPERO","1969","53"
"BOGOTA D.C.","PARTICULAR","ACTIVO","MAQ. INDUSTRIAL","1969","3"
"BOGOTA D.C.","PARTICULAR","ACTIVO","MICROBUS","1969","72"
"BOGOTA D.C.","PARTICULAR","INCONSISTENTE","MICROBUS","1969","2"
"BOGOTA D.C.","PÚBLICO","ACTIVO","MICROBUS","1969","10"
"BOGOTA D.C.","PÚBLICO","INCONSISTENTE","MICROBUS","1969","1"
"BOGOTA D.C.","PARTICULAR","ACTIVO","MOTOCICLETA","1969","35"
"BOGOTA D.C.","PÚBLICO","INCONSISTENTE","TRACTOCAMION","1969","1"
"BOGOTA D.C.","OFICIAL","ACTIVO","TRACTOCAMION","1969","1"
"BOGOTA D.C.","PARTICULAR","ACTIVO","TRACTOCAMION","1969","5"
"BOGOTA D.C.","PÚBLICO","ACTIVO","TRACTOCAMION","1969","3"
"BOGOTA D.C.","PÚBLICO","ACTIVO","VOLQUETA","1969","3"
"BOGOTA D.C.","PARTICULAR","ACTIVO","VOLQUETA","1969","5"
"BOGOTA D.C.","PARTICULAR","INCONSISTENTE","AUTOMOVIL","1970","29"
"BOGOTA D.C.","PÚBLICO","ACTIVO","AUTOMOVIL","1970","3"
"BOGOTA D.C.","OFICIAL","ACTIVO","AUTOMOVIL","1970","14"
"BOGOTA D.C.","PARTICULAR","ACTIVO","AUTOMOVIL","1970","1067"
"BOGOTA D.C.","PARTICULAR","ACTIVO","BUS","1970","69"
"BOGOTA D.C.","OFICIAL","ACTIVO","BUS","1970","1"
"BOGOTA D.C.","PARTICULAR","INCONSISTENTE","BUS","1970","7"
"BOGOTA D.C.","PÚBLICO","ACTIVO","BUS","1970","36"
"BOGOTA D.C.","PÚBLICO","INCONSISTENTE","BUS","1970","1"
"BOGOTA D.C.","PÚBLICO","ACTIVO","BUSETA","1970","15"
"BOGOTA D.C.","PÚBLICO","INCONSISTENTE","BUSETA","1970","1"
"BOGOTA D.C.","PARTICULAR","ACTIVO","BUSETA","1970","46"
"BOGOTA D.C.","OFICIAL","ACTIVO","CAMION","1970","4"
"BOGOTA D.C.","PÚBLICO","INCONSISTENTE","CAMION","1970","1"
"BOGOTA D.C.","PARTICULAR","ACTIVO","CAMION","1970","150"
"BOGOTA D.C.","PÚBLICO","ACTIVO","CAMION","1970","39"
"BOGOTA D.C.","PARTICULAR","INCONSISTENTE","CAMION","1970","7"
"BOGOTA D.C.","PARTICULAR","ACTIVO","CAMIONETA","1970","289"
"BOGOTA D.C.","PÚBLICO","ACTIVO","CAMIONETA","1970","15"
"BOGOTA D.C.","PARTICULAR","INCONSISTENTE","CAMIONETA","1970","10"
"BOGOTA D.C.","OFICIAL","ACTIVO","CAMIONETA","1970","5"
"BOGOTA D.C.","PARTICULAR","INCONSISTENTE","CAMPERO","1970","61"
"BOGOTA D.C.","OFICIAL","ACTIVO","CAMPERO","1970","22"
"BOGOTA D.C.","PARTICULAR","ACTIVO","CAMPERO","1970","772"
"BOGOTA D.C.","PÚBLICO","ACTIVO","CAMPERO","1970","3"
"BOGOTA D.C.","PARTICULAR","ACTIVO","MAQ. INDUSTRIAL","1970","6"
"BOGOTA D.C.","OFICIAL","ACTIVO","MICROBUS","1970","1"
"BOGOTA D.C.","PÚBLICO","INCONSISTENTE","MICROBUS","1970","3"
"BOGOTA D.C.","PÚBLICO","ACTIVO","MICROBUS","1970","3"
"BOGOTA D.C.","PARTICULAR","ACTIVO","MICROBUS","1970","34"
"BOGOTA D.C.","PARTICULAR","INCONSISTENTE","MOTOCICLETA","1970","2"
"BOGOTA D.C.","PARTICULAR","ACTIVO","MOTOCICLETA","1970","25"
"BOGOTA D.C.","PÚBLICO","INCONSISTENTE","TRACTOCAMION","1970","1"
"BOGOTA D.C.","PÚBLICO","ACTIVO","TRACTOCAMION","1970","2"
"BOGOTA D.C.","PÚBLICO","ACTIVO","VOLQUETA","1970","6"
"BOGOTA D.C.","PARTICULAR","ACTIVO","VOLQUETA","1970","2"
"BOGOTA D.C.","PÚBLICO","ACTIVO","AUTOMOVIL","1971","4"
"BOGOTA D.C.","OFICIAL","ACTIVO","AUTOMOVIL","1971","45"
"BOGOTA D.C.","PARTICULAR","INCONSISTENTE","AUTOMOVIL","1971","84"
"BOGOTA D.C.","PARTICULAR","ACTIVO","AUTOMOVIL","1971","2672"
"BOGOTA D.C.","PÚBLICO","INCONSISTENTE","AUTOMOVIL","1971","1"
"BOGOTA D.C.","PÚBLICO","INCONSISTENTE","BUS","1971","12"
"BOGOTA D.C.","OFICIAL","ACTIVO","BUS","1971","5"
"BOGOTA D.C.","PARTICULAR","ACTIVO","BUS","1971","88"
"BOGOTA D.C.","PÚBLICO","ACTIVO","BUS","1971","53"
"BOGOTA D.C.","PARTICULAR","INCONSISTENTE","BUS","1971","5"
"BOGOTA D.C.","OFICIAL","ACTIVO","BUSETA","1971","1"
"BOGOTA D.C.","PARTICULAR","INCONSISTENTE","BUSETA","1971","4"
"BOGOTA D.C.","PÚBLICO","INCONSISTENTE","BUSETA","1971","2"
"BOGOTA D.C.","PÚBLICO","ACTIVO","BUSETA","1971","19"
"BOGOTA D.C.","PARTICULAR","ACTIVO","BUSETA","1971","26"
"BOGOTA D.C.","PÚBLICO","ACTIVO","CAMION","1971","49"
"BOGOTA D.C.","PARTICULAR","INCONSISTENTE","CAMION","1971","5"
"BOGOTA D.C.","OFICIAL","ACTIVO","CAMION","1971","4"
"BOGOTA D.C.","PARTICULAR","ACTIVO","CAMION","1971","153"
"BOGOTA D.C.","PARTICULAR","ACTIVO","CAMIONETA","1971","319"
"BOGOTA D.C.","OFICIAL","ACTIVO","CAMIONETA","1971","25"
"BOGOTA D.C.","PÚBLICO","ACTIVO","CAMIONETA","1971","30"
"BOGOTA D.C.","PARTICULAR","INCONSISTENTE","CAMIONETA","1971","11"
"BOGOTA D.C.","PÚBLICO","ACTIVO","CAMPERO","1971","1"
"BOGOTA D.C.","OFICIAL","INCONSISTENTE","CAMPERO","1971","1"
"BOGOTA D.C.","OFICIAL","ACTIVO","CAMPERO","1971","28"
"BOGOTA D.C.","PARTICULAR","ACTIVO","CAMPERO","1971","683"
"BOGOTA D.C.","PARTICULAR","INCONSISTENTE","CAMPERO","1971","31"
"BOGOTA D.C.","PARTICULAR","INCONSISTENTE","MAQ. AGRICOLA","1971","1"
"BOGOTA D.C.","PARTICULAR","ACTIVO","MAQ. INDUSTRIAL","1971","6"
"BOGOTA D.C.","PARTICULAR","INCONSISTENTE","MICROBUS","1971","1"
"BOGOTA D.C.","PÚBLICO","ACTIVO","MICROBUS","1971","8"
"BOGOTA D.C.","OFICIAL","ACTIVO","MICROBUS","1971","2"
"BOGOTA D.C.","PÚBLICO","INCONSISTENTE","MICROBUS","1971","1"
"BOGOTA D.C.","PARTICULAR","ACTIVO","MICROBUS","1971","38"
"BOGOTA D.C.","OFICIAL","ACTIVO","MOTOCICLETA","1971","3"
"BOGOTA D.C.","PARTICULAR","ACTIVO","MOTOCICLETA","1971","34"
"BOGOTA D.C.","PARTICULAR","INCONSISTENTE","MOTOCICLETA","1971","2"
"BOGOTA D.C.","PÚBLICO","ACTIVO","TRACTOCAMION","1971","7"
"BOGOTA D.C.","PARTICULAR","ACTIVO","TRACTOCAMION","1971","4"
"BOGOTA D.C.","PARTICULAR","ACTIVO","VOLQUETA","1971","7"
"BOGOTA D.C.","OFICIAL","ACTIVO","VOLQUETA","1971","1"
"BOGOTA D.C.","PÚBLICO","ACTIVO","VOLQUETA","1971","4"
"BOGOTA D.C.","PÚBLICO","INCONSISTENTE","AUTOMOVIL","1972","3"
"BOGOTA D.C.","OFICIAL","ACTIVO","AUTOMOVIL","1972","106"
"BOGOTA D.C.","PÚBLICO","ACTIVO","AUTOMOVIL","1972","12"
"BOGOTA D.C.","PARTICULAR","INCONSISTENTE","AUTOMOVIL","1972","145"
"BOGOTA D.C.","PARTICULAR","ACTIVO","AUTOMOVIL","1972","4264"
"BOGOTA D.C.","PARTICULAR","INCONSISTENTE","BUS","1972","4"
"BOGOTA D.C.","PÚBLICO","ACTIVO","BUS","1972","24"
"BOGOTA D.C.","PARTICULAR","ACTIVO","BUS","1972","51"
"BOGOTA D.C.","OFICIAL","ACTIVO","BUS","1972","8"
"BOGOTA D.C.","PÚBLICO","INCONSISTENTE","BUS","1972","1"
"BOGOTA D.C.","PARTICULAR","ACTIVO","BUSETA","1972","46"
"BOGOTA D.C.","PÚBLICO","INCONSISTENTE","BUSETA","1972","5"
"BOGOTA D.C.","PÚBLICO","ACTIVO","BUSETA","1972","28"
"BOGOTA D.C.","PARTICULAR","INCONSISTENTE","BUSETA","1972","1"
"BOGOTA D.C.","OFICIAL","ACTIVO","CAMION","1972","18"
"BOGOTA D.C.","PARTICULAR","INCONSISTENTE","CAMION","1972","12"
"BOGOTA D.C.","PÚBLICO","INCONSISTENTE","CAMION","1972","1"
"BOGOTA D.C.","PÚBLICO","ACTIVO","CAMION","1972","45"
"BOGOTA D.C.","PARTICULAR","ACTIVO","CAMION","1972","164"
"BOGOTA D.C.","PARTICULAR","INCONSISTENTE","CAMIONETA","1972","11"
"BOGOTA D.C.","PARTICULAR","ACTIVO","CAMIONETA","1972","298"
"BOGOTA D.C.","OFICIAL","INCONSISTENTE","CAMIONETA","1972","1"
"BOGOTA D.C.","PÚBLICO","ACTIVO","CAMIONETA","1972","33"
"BOGOTA D.C.","OFICIAL","ACTIVO","CAMIONETA","1972","16"
"BOGOTA D.C.","PARTICULAR","INCONSISTENTE","CAMPERO","1972","40"
"BOGOTA D.C.","PARTICULAR","ACTIVO","CAMPERO","1972","584"
"BOGOTA D.C.","OFICIAL","ACTIVO","CAMPERO","1972","43"
"BOGOTA D.C.","PÚBLICO","ACTIVO","CAMPERO","1972","3"
"BOGOTA D.C.","PARTICULAR","ACTIVO","MAQ. INDUSTRIAL","1972","11"
"BOGOTA D.C.","PÚBLICO","ACTIVO","MICROBUS","1972","4"
"BOGOTA D.C.","PARTICULAR","ACTIVO","MICROBUS","1972","22"
"BOGOTA D.C.","PARTICULAR","ACTIVO","MOTOCICLETA","1972","55"
"BOGOTA D.C.","PARTICULAR","INCONSISTENTE","MOTOCICLETA","1972","1"
"BOGOTA D.C.","PARTICULAR","ACTIVO","TRACTOCAMION","1972","2"
"BOGOTA D.C.","PARTICULAR","INCONSISTENTE","TRACTOCAMION","1972","1"
"BOGOTA D.C.","PÚBLICO","ACTIVO","TRACTOCAMION","1972","2"
"BOGOTA D.C.","OFICIAL","ACTIVO","VOLQUETA","1972","2"
"BOGOTA D.C.","PARTICULAR","ACTIVO","VOLQUETA","1972","5"
"BOGOTA D.C.","PÚBLICO","ACTIVO","VOLQUETA","1972","7"
"BOGOTA D.C.","PÚBLICO","ACTIVO","AUTOMOVIL","1973","17"
"BOGOTA D.C.","OFICIAL","ACTIVO","AUTOMOVIL","1973","81"
"BOGOTA D.C.","PÚBLICO","INCONSISTENTE","AUTOMOVIL","1973","2"
"BOGOTA D.C.","PARTICULAR","ACTIVO","AUTOMOVIL","1973","4228"
"BOGOTA D.C.","OTROS","ACTIVO","AUTOMOVIL","1973","1"
"BOGOTA D.C.","PARTICULAR","INCONSISTENTE","AUTOMOVIL","1973","133"
"BOGOTA D.C.","PÚBLICO","ACTIVO","BUS","1973","28"
"BOGOTA D.C.","PÚBLICO","INCONSISTENTE","BUS","1973","3"
"BOGOTA D.C.","OFICIAL","ACTIVO","BUS","1973","47"
"BOGOTA D.C.","PARTICULAR","ACTIVO","BUS","1973","39"
"BOGOTA D.C.","PARTICULAR","INCONSISTENTE","BUS","1973","9"
"BOGOTA D.C.","PÚBLICO","ACTIVO","BUSETA","1973","17"
"BOGOTA D.C.","PARTICULAR","INCONSISTENTE","BUSETA","1973","1"
"BOGOTA D.C.","PÚBLICO","INCONSISTENTE","BUSETA","1973","3"
"BOGOTA D.C.","PARTICULAR","ACTIVO","BUSETA","1973","24"
"BOGOTA D.C.","PARTICULAR","ACTIVO","CAMION","1973","140"
"BOGOTA D.C.","OFICIAL","ACTIVO","CAMION","1973","13"
"BOGOTA D.C.","PÚBLICO","ACTIVO","CAMION","1973","41"
"BOGOTA D.C.","PARTICULAR","INCONSISTENTE","CAMION","1973","5"
"BOGOTA D.C.","PÚBLICO","INCONSISTENTE","CAMION","1973","1"
"BOGOTA D.C.","PARTICULAR","INCONSISTENTE","CAMIONETA","1973","9"
"BOGOTA D.C.","PÚBLICO","ACTIVO","CAMIONETA","1973","21"
"BOGOTA D.C.","OFICIAL","ACTIVO","CAMIONETA","1973","9"
"BOGOTA D.C.","PÚBLICO","INCONSISTENTE","CAMIONETA","1973","1"
"BOGOTA D.C.","PARTICULAR","ACTIVO","CAMIONETA","1973","294"
"BOGOTA D.C.","PARTICULAR","INCONSISTENTE","CAMPERO","1973","41"
"BOGOTA D.C.","OFICIAL","ACTIVO","CAMPERO","1973","43"
"BOGOTA D.C.","PÚBLICO","ACTIVO","CAMPERO","1973","3"
"BOGOTA D.C.","PARTICULAR","ACTIVO","CAMPERO","1973","662"
"BOGOTA D.C.","OTROS","ACTIVO","CAMPERO","1973","1"
"BOGOTA D.C.","PARTICULAR","ACTIVO","MAQ. AGRICOLA","1973","1"
"BOGOTA D.C.","PARTICULAR","ACTIVO","MAQ. INDUSTRIAL","1973","9"
"BOGOTA D.C.","OFICIAL","ACTIVO","MAQ. INDUSTRIAL","1973","1"
"BOGOTA D.C.","PÚBLICO","ACTIVO","MICROBUS","1973","1"
"BOGOTA D.C.","PARTICULAR","ACTIVO","MICROBUS","1973","10"
"BOGOTA D.C.","PARTICULAR","ACTIVO","MOTOCICLETA","1973","43"
"BOGOTA D.C.","PÚBLICO","ACTIVO","TRACTOCAMION","1973","2"
"BOGOTA D.C.","PARTICULAR","ACTIVO","TRACTOCAMION","1973","1"
"BOGOTA D.C.","PÚBLICO","ACTIVO","VOLQUETA","1973","8"
"BOGOTA D.C.","PARTICULAR","ACTIVO","VOLQUETA","1973","4"
"BOGOTA D.C.","PARTICULAR","INCONSISTENTE","AUTOMOVIL","1974","138"
"BOGOTA D.C.","OTROS","ACTIVO","AUTOMOVIL","1974","1"
"BOGOTA D.C.","PÚBLICO","ACTIVO","AUTOMOVIL","1974","11"
"BOGOTA D.C.","OFICIAL","INCONSISTENTE","AUTOMOVIL","1974","1"
"BOGOTA D.C.","OFICIAL","ACTIVO","AUTOMOVIL","1974","92"
"BOGOTA D.C.","PARTICULAR","ACTIVO","AUTOMOVIL","1974","5463"
"BOGOTA D.C.","PARTICULAR","ACTIVO","BUS","1974","25"
"BOGOTA D.C.","OFICIAL","ACTIVO","BUS","1974","3"
"BOGOTA D.C.","PARTICULAR","INCONSISTENTE","BUS","1974","1"
"BOGOTA D.C.","PÚBLICO","ACTIVO","BUS","1974","16"
"BOGOTA D.C.","PÚBLICO","INCONSISTENTE","BUSETA","1974","1"
"BOGOTA D.C.","PÚBLICO","ACTIVO","BUSETA","1974","9"
"BOGOTA D.C.","PARTICULAR","ACTIVO","BUSETA","1974","16"
"BOGOTA D.C.","PÚBLICO","INCONSISTENTE","CAMION","1974","1"
"BOGOTA D.C.","PARTICULAR","ACTIVO","CAMION","1974","136"
"BOGOTA D.C.","PÚBLICO","ACTIVO","CAMION","1974","43"
"BOGOTA D.C.","PARTICULAR","INCONSISTENTE","CAMION","1974","11"
"BOGOTA D.C.","OFICIAL","ACTIVO","CAMION","1974","8"
"BOGOTA D.C.","PÚBLICO","ACTIVO","CAMIONETA","1974","33"
"BOGOTA D.C.","PARTICULAR","INCONSISTENTE","CAMIONETA","1974","22"
"BOGOTA D.C.","PARTICULAR","ACTIVO","CAMIONETA","1974","575"
"BOGOTA D.C.","OFICIAL","ACTIVO","CAMIONETA","1974","13"
"BOGOTA D.C.","PARTICULAR","ACTIVO","CAMPERO","1974","464"
"BOGOTA D.C.","PARTICULAR","INCONSISTENTE","CAMPERO","1974","25"
"BOGOTA D.C.","OFICIAL","ACTIVO","CAMPERO","1974","36"
"BOGOTA D.C.","PARTICULAR","ACTIVO","MAQ. INDUSTRIAL","1974","7"
"BOGOTA D.C.","PÚBLICO","ACTIVO","MICROBUS","1974","1"
"BOGOTA D.C.","PARTICULAR","ACTIVO","MICROBUS","1974","22"
"BOGOTA D.C.","OFICIAL","ACTIVO","MOTOCICLETA","1974","10"
"BOGOTA D.C.","PARTICULAR","INCONSISTENTE","MOTOCICLETA","1974","1"
"BOGOTA D.C.","PARTICULAR","ACTIVO","MOTOCICLETA","1974","109"
"BOGOTA D.C.","PÚBLICO","ACTIVO","TRACTOCAMION","1974","3"
"BOGOTA D.C.","PÚBLICO","INCONSISTENTE","TRACTOCAMION","1974","3"
"BOGOTA D.C.","OFICIAL","ACTIVO","TRACTOCAMION","1974","1"
"BOGOTA D.C.","PARTICULAR","ACTIVO","TRACTOCAMION","1974","3"
"BOGOTA D.C.","PARTICULAR","ACTIVO","VOLQUETA","1974","3"
"BOGOTA D.C.","PÚBLICO","ACTIVO","VOLQUETA","1974","3"
"BOGOTA D.C.","PÚBLICO","INCONSISTENTE","AUTOMOVIL","1975","1"
"BOGOTA D.C.","OFICIAL","ACTIVO","AUTOMOVIL","1975","65"
"BOGOTA D.C.","PARTICULAR","ACTIVO","AUTOMOVIL","1975","4471"
"BOGOTA D.C.","PÚBLICO","ACTIVO","AUTOMOVIL","1975","16"
"BOGOTA D.C.","PARTICULAR","INCONSISTENTE","AUTOMOVIL","1975","118"
"BOGOTA D.C.","OFICIAL","ACTIVO","BUS","1975","57"
"BOGOTA D.C.","PARTICULAR","INCONSISTENTE","BUS","1975","9"
"BOGOTA D.C.","PARTICULAR","ACTIVO","BUS","1975","41"
"BOGOTA D.C.","PÚBLICO","ACTIVO","BUS","1975","41"
"BOGOTA D.C.","PÚBLICO","INCONSISTENTE","BUS","1975","8"
"BOGOTA D.C.","PÚBLICO","ACTIVO","BUSETA","1975","35"
"BOGOTA D.C.","PÚBLICO","INCONSISTENTE","BUSETA","1975","1"
"BOGOTA D.C.","PARTICULAR","ACTIVO","BUSETA","1975","14"
"BOGOTA D.C.","OFICIAL","ACTIVO","CAMION","1975","15"
"BOGOTA D.C.","PARTICULAR","ACTIVO","CAMION","1975","187"
"BOGOTA D.C.","PARTICULAR","INCONSISTENTE","CAMION","1975","12"
"BOGOTA D.C.","PÚBLICO","ACTIVO","CAMION","1975","59"
"BOGOTA D.C.","PÚBLICO","INCONSISTENTE","CAMION","1975","3"
"BOGOTA D.C.","OFICIAL","ACTIVO","CAMIONETA","1975","38"
"BOGOTA D.C.","OFICIAL","INCONSISTENTE","CAMIONETA","1975","1"
"BOGOTA D.C.","PARTICULAR","ACTIVO","CAMIONETA","1975","868"
"BOGOTA D.C.","PÚBLICO","ACTIVO","CAMIONETA","1975","23"
"BOGOTA D.C.","PARTICULAR","INCONSISTENTE","CAMIONETA","1975","28"
"BOGOTA D.C.","PARTICULAR","ACTIVO","CAMPERO","1975","498"
"BOGOTA D.C.","PARTICULAR","INCONSISTENTE","CAMPERO","1975","26"
"BOGOTA D.C.","OFICIAL","ACTIVO","CAMPERO","1975","59"
"BOGOTA D.C.","PÚBLICO","ACTIVO","CAMPERO","1975","3"
"BOGOTA D.C.","PARTICULAR","INCONSISTENTE","MAQ. INDUSTRIAL","1975","1"
"BOGOTA D.C.","PARTICULAR","ACTIVO","MAQ. INDUSTRIAL","1975","7"
"BOGOTA D.C.","PARTICULAR","ACTIVO","MICROBUS","1975","20"
"BOGOTA D.C.","OFICIAL","ACTIVO","MOTOCICLETA","1975","2"
"BOGOTA D.C.","PARTICULAR","INCONSISTENTE","MOTOCICLETA","1975","1"
"BOGOTA D.C.","PARTICULAR","ACTIVO","MOTOCICLETA","1975","105"
"BOGOTA D.C.","PÚBLICO","INCONSISTENTE","TRACTOCAMION","1975","1"
"BOGOTA D.C.","PARTICULAR","INCONSISTENTE","TRACTOCAMION","1975","2"
"BOGOTA D.C.","PARTICULAR","ACTIVO","TRACTOCAMION","1975","3"
"BOGOTA D.C.","PÚBLICO","ACTIVO","TRACTOCAMION","1975","4"
"BOGOTA D.C.","PÚBLICO","ACTIVO","VOLQUETA","1975","4"
"BOGOTA D.C.","PARTICULAR","ACTIVO","VOLQUETA","1975","7"
"BOGOTA D.C.","OFICIAL","ACTIVO","AUTOMOVIL","1976","103"
"BOGOTA D.C.","PARTICULAR","ACTIVO","AUTOMOVIL","1976","4623"
"BOGOTA D.C.","OTROS","ACTIVO","AUTOMOVIL","1976","1"
"BOGOTA D.C.","PARTICULAR","INCONSISTENTE","AUTOMOVIL","1976","129"
"BOGOTA D.C.","PÚBLICO","INCONSISTENTE","AUTOMOVIL","1976","2"
"BOGOTA D.C.","PÚBLICO","ACTIVO","AUTOMOVIL","1976","37"
"BOGOTA D.C.","PARTICULAR","INCONSISTENTE","BUS","1976","13"
"BOGOTA D.C.","PÚBLICO","ACTIVO","BUS","1976","38"
"BOGOTA D.C.","PÚBLICO","INCONSISTENTE","BUS","1976","18"
"BOGOTA D.C.","OFICIAL","ACTIVO","BUS","1976","3"
"BOGOTA D.C.","PARTICULAR","ACTIVO","BUS","1976","37"
"BOGOTA D.C.","PÚBLICO","ACTIVO","BUSETA","1976","49"
"BOGOTA D.C.","PARTICULAR","ACTIVO","BUSETA","1976","16"
"BOGOTA D.C.","PARTICULAR","INCONSISTENTE","BUSETA","1976","1"
"BOGOTA D.C.","PÚBLICO","INCONSISTENTE","BUSETA","1976","2"
"BOGOTA D.C.","OFICIAL","ACTIVO","BUSETA","1976","3"
"BOGOTA D.C.","PARTICULAR","ACTIVO","CAMION","1976","150"
"BOGOTA D.C.","PARTICULAR","INCONSISTENTE","CAMION","1976","9"
"BOGOTA D.C.","OFICIAL","ACTIVO","CAMION","1976","14"
"BOGOTA D.C.","PÚBLICO","INCONSISTENTE","CAMION","1976","1"
"BOGOTA D.C.","PÚBLICO","ACTIVO","CAMION","1976","64"
"BOGOTA D.C.","PARTICULAR","INCONSISTENTE","CAMIONETA","1976","26"
"BOGOTA D.C.","PARTICULAR","ACTIVO","CAMIONETA","1976","1001"
"BOGOTA D.C.","OFICIAL","INCONSISTENTE","CAMIONETA","1976","1"
"BOGOTA D.C.","OFICIAL","ACTIVO","CAMIONETA","1976","48"
"BOGOTA D.C.","PÚBLICO","ACTIVO","CAMIONETA","1976","41"
"BOGOTA D.C.","PARTICULAR","INCONSISTENTE","CAMPERO","1976","40"
"BOGOTA D.C.","PARTICULAR","ACTIVO","CAMPERO","1976","631"
"BOGOTA D.C.","OFICIAL","ACTIVO","CAMPERO","1976","33"
"BOGOTA D.C.","PÚBLICO","ACTIVO","CAMPERO","1976","5"
"BOGOTA D.C.","PARTICULAR","ACTIVO","MAQ. INDUSTRIAL","1976","8"
"BOGOTA D.C.","PARTICULAR","ACTIVO","MICROBUS","1976","20"
"BOGOTA D.C.","PARTICULAR","ACTIVO","MOTOCICLETA","1976","290"
"BOGOTA D.C.","OFICIAL","ACTIVO","MOTOCICLETA","1976","12"
"BOGOTA D.C.","PARTICULAR","INCONSISTENTE","MOTOCICLETA","1976","1"
"BOGOTA D.C.","PÚBLICO","INCONSISTENTE","TRACTOCAMION","1976","2"
"BOGOTA D.C.","PÚBLICO","ACTIVO","TRACTOCAMION","1976","9"
"BOGOTA D.C.","PARTICULAR","ACTIVO","TRACTOCAMION","1976","2"
"BOGOTA D.C.","OFICIAL","ACTIVO","TRACTOCAMION","1976","1"
"BOGOTA D.C.","PÚBLICO","ACTIVO","VOLQUETA","1976","5"
"BOGOTA D.C.","PARTICULAR","ACTIVO","VOLQUETA","1976","4"
"BOGOTA D.C.","PÚBLICO","ACTIVO","AUTOMOVIL","1977","23"
"BOGOTA D.C.","PARTICULAR","INCONSISTENTE","AUTOMOVIL","1977","124"
"BOGOTA D.C.","PARTICULAR","ACTIVO","AUTOMOVIL","1977","5277"
"BOGOTA D.C.","OFICIAL","ACTIVO","AUTOMOVIL","1977","71"
"BOGOTA D.C.","PÚBLICO","INCONSISTENTE","AUTOMOVIL","1977","4"
"BOGOTA D.C.","PARTICULAR","INCONSISTENTE","BUS","1977","7"
"BOGOTA D.C.","PÚBLICO","INCONSISTENTE","BUS","1977","15"
"BOGOTA D.C.","PÚBLICO","ACTIVO","BUS","1977","37"
"BOGOTA D.C.","OFICIAL","ACTIVO","BUS","1977","5"
"BOGOTA D.C.","PARTICULAR","ACTIVO","BUS","1977","16"
"BOGOTA D.C.","OFICIAL","ACTIVO","BUSETA","1977","4"
"BOGOTA D.C.","PARTICULAR","INCONSISTENTE","BUSETA","1977","1"
"BOGOTA D.C.","PÚBLICO","ACTIVO","BUSETA","1977","33"
"BOGOTA D.C.","PARTICULAR","ACTIVO","BUSETA","1977","11"
"BOGOTA D.C.","PÚBLICO","INCONSISTENTE","CAMION","1977","1"
"BOGOTA D.C.","PÚBLICO","ACTIVO","CAMION","1977","61"
"BOGOTA D.C.","PARTICULAR","ACTIVO","CAMION","1977","188"
"BOGOTA D.C.","OFICIAL","ACTIVO","CAMION","1977","6"
"BOGOTA D.C.","PARTICULAR","INCONSISTENTE","CAMION","1977","11"
"BOGOTA D.C.","PARTICULAR","ACTIVO","CAMIONETA","1977","1245"
"BOGOTA D.C.","PARTICULAR","INCONSISTENTE","CAMIONETA","1977","37"
"BOGOTA D.C.","OFICIAL","ACTIVO","CAMIONETA","1977","23"
"BOGOTA D.C.","PÚBLICO","ACTIVO","CAMIONETA","1977","61"
"BOGOTA D.C.","PARTICULAR","ACTIVO","CAMPERO","1977","835"
"BOGOTA D.C.","OTROS","ACTIVO","CAMPERO","1977","1"
"BOGOTA D.C.","PARTICULAR","INCONSISTENTE","CAMPERO","1977","48"
"BOGOTA D.C.","PÚBLICO","ACTIVO","CAMPERO","1977","5"
"BOGOTA D.C.","OFICIAL","ACTIVO","CAMPERO","1977","20"
"BOGOTA D.C.","PARTICULAR","ACTIVO","MAQ. INDUSTRIAL","1977","29"
"BOGOTA D.C.","OFICIAL","ACTIVO","MAQ. INDUSTRIAL","1977","2"
"BOGOTA D.C.","PARTICULAR","INCONSISTENTE","MICROBUS","1977","1"
"BOGOTA D.C.","PARTICULAR","ACTIVO","MICROBUS","1977","13"
"BOGOTA D.C.","PARTICULAR","ACTIVO","MOTOCARRO","1977","1"
"BOGOTA D.C.","OFICIAL","ACTIVO","MOTOCICLETA","1977","13"
"BOGOTA D.C.","PARTICULAR","ACTIVO","MOTOCICLETA","1977","862"
"BOGOTA D.C.","PARTICULAR","INCONSISTENTE","MOTOCICLETA","1977","5"
"BOGOTA D.C.","PARTICULAR","ACTIVO","MOTOTRICICLO","1977","1"
"BOGOTA D.C.","PARTICULAR","INCONSISTENTE","TRACTOCAMION","1977","1"
"BOGOTA D.C.","PÚBLICO","INCONSISTENTE","TRACTOCAMION","1977","3"
"BOGOTA D.C.","PÚBLICO","ACTIVO","TRACTOCAMION","1977","5"
"BOGOTA D.C.","PARTICULAR","ACTIVO","TRACTOCAMION","1977","2"
"BOGOTA D.C.","PÚBLICO","ACTIVO","VOLQUETA","1977","9"
"BOGOTA D.C.","PARTICULAR","ACTIVO","VOLQUETA","1977","5"
"BOGOTA D.C.","PARTICULAR","INCONSISTENTE","AUTOMOVIL","1978","108"
"BOGOTA D.C.","PÚBLICO","INCONSISTENTE","AUTOMOVIL","1978","4"
"BOGOTA D.C.","PÚBLICO","ACTIVO","AUTOMOVIL","1978","42"
"BOGOTA D.C.","OTROS","ACTIVO","AUTOMOVIL","1978","1"
"BOGOTA D.C.","OFICIAL","ACTIVO","AUTOMOVIL","1978","77"
"BOGOTA D.C.","PARTICULAR","ACTIVO","AUTOMOVIL","1978","5682"
"BOGOTA D.C.","PÚBLICO","INCONSISTENTE","BUS","1978","7"
"BOGOTA D.C.","PÚBLICO","ACTIVO","BUS","1978","30"
"BOGOTA D.C.","PARTICULAR","INCONSISTENTE","BUS","1978","4"
"BOGOTA D.C.","PARTICULAR","ACTIVO","BUS","1978","22"
"BOGOTA D.C.","OFICIAL","ACTIVO","BUS","1978","1"
"BOGOTA D.C.","PÚBLICO","ACTIVO","BUSETA","1978","24"
"BOGOTA D.C.","PARTICULAR","INCONSISTENTE","BUSETA","1978","1"
"BOGOTA D.C.","PÚBLICO","INCONSISTENTE","BUSETA","1978","1"
"BOGOTA D.C.","PARTICULAR","ACTIVO","BUSETA","1978","16"
"BOGOTA D.C.","PÚBLICO","ACTIVO","CAMION","1978","76"
"BOGOTA D.C.","PARTICULAR","INCONSISTENTE","CAMION","1978","25"
"BOGOTA D.C.","PARTICULAR","ACTIVO","CAMION","1978","251"
"BOGOTA D.C.","OFICIAL","ACTIVO","CAMION","1978","8"
"BOGOTA D.C.","PÚBLICO","INCONSISTENTE","CAMION","1978","4"
"BOGOTA D.C.","PARTICULAR","INCONSISTENTE","CAMIONETA","1978","37"
"BOGOTA D.C.","PÚBLICO","ACTIVO","CAMIONETA","1978","73"
"BOGOTA D.C.","PÚBLICO","INCONSISTENTE","CAMIONETA","1978","3"
"BOGOTA D.C.","OFICIAL","ACTIVO","CAMIONETA","1978","10"
"BOGOTA D.C.","PARTICULAR","ACTIVO","CAMIONETA","1978","1565"
"BOGOTA D.C.","OFICIAL","ACTIVO","CAMPERO","1978","23"
"BOGOTA D.C.","OFICIAL","INCONSISTENTE","CAMPERO","1978","1"
"BOGOTA D.C.","PARTICULAR","ACTIVO","CAMPERO","1978","1228"
"BOGOTA D.C.","PARTICULAR","INCONSISTENTE","CAMPERO","1978","60"
"BOGOTA D.C.","PÚBLICO","ACTIVO","CAMPERO","1978","1"
"BOGOTA D.C.","PARTICULAR","ACTIVO","MAQ. INDUSTRIAL","1978","27"
"BOGOTA D.C.","PARTICULAR","ACTIVO","MICROBUS","1978","22"
"BOGOTA D.C.","PÚBLICO","ACTIVO","MICROBUS","1978","2"
"BOGOTA D.C.","OFICIAL","ACTIVO","MICROBUS","1978","2"
"BOGOTA D.C.","PARTICULAR","INCONSISTENTE","MOTOCICLETA","1978","28"
"BOGOTA D.C.","PARTICULAR","ACTIVO","MOTOCICLETA","1978","2633"
"BOGOTA D.C.","OFICIAL","ACTIVO","MOTOCICLETA","1978","224"
"BOGOTA D.C.","PÚBLICO","ACTIVO","TRACTOCAMION","1978","10"
"BOGOTA D.C.","OTROS","ACTIVO","TRACTOCAMION","1978","1"
"BOGOTA D.C.","PÚBLICO","INCONSISTENTE","TRACTOCAMION","1978","2"
"BOGOTA D.C.","PARTICULAR","INCONSISTENTE","TRACTOCAMION","1978","4"
"BOGOTA D.C.","PARTICULAR","ACTIVO","TRACTOCAMION","1978","6"
"BOGOTA D.C.","PARTICULAR","ACTIVO","VOLQUETA","1978","8"
"BOGOTA D.C.","PÚBLICO","ACTIVO","VOLQUETA","1978","9"
"BOGOTA D.C.","PÚBLICO","ACTIVO","AUTOMOVIL","1979","36"
"BOGOTA D.C.","PÚBLICO","INCONSISTENTE","AUTOMOVIL","1979","6"
"BOGOTA D.C.","PARTICULAR","ACTIVO","AUTOMOVIL","1979","4740"
"BOGOTA D.C.","OFICIAL","ACTIVO","AUTOMOVIL","1979","70"
"BOGOTA D.C.","PARTICULAR","INCONSISTENTE","AUTOMOVIL","1979","113"
"BOGOTA D.C.","PARTICULAR","INCONSISTENTE","BUS","1979","10"
"BOGOTA D.C.","PÚBLICO","INCONSISTENTE","BUS","1979","19"
"BOGOTA D.C.","OFICIAL","ACTIVO","BUS","1979","4"
"BOGOTA D.C.","PARTICULAR","ACTIVO","BUS","1979","18"
"BOGOTA D.C.","PÚBLICO","ACTIVO","BUS","1979","32"
"BOGOTA D.C.","PÚBLICO","ACTIVO","BUSETA","1979","55"
"BOGOTA D.C.","PARTICULAR","ACTIVO","BUSETA","1979","10"
"BOGOTA D.C.","OFICIAL","ACTIVO","CAMION","1979","62"
"BOGOTA D.C.","PARTICULAR","ACTIVO","CAMION","1979","229"
"BOGOTA D.C.","PÚBLICO","ACTIVO","CAMION","1979","92"
"BOGOTA D.C.","PÚBLICO","INCONSISTENTE","CAMION","1979","2"
"BOGOTA D.C.","PARTICULAR","INCONSISTENTE","CAMION","1979","10"
"BOGOTA D.C.","OFICIAL","INCONSISTENTE","CAMIONETA","1979","4"
"BOGOTA D.C.","PARTICULAR","ACTIVO","CAMIONETA","1979","1309"
"BOGOTA D.C.","OFICIAL","ACTIVO","CAMIONETA","1979","48"
"BOGOTA D.C.","PARTICULAR","INCONSISTENTE","CAMIONETA","1979","40"
"BOGOTA D.C.","PÚBLICO","ACTIVO","CAMIONETA","1979","72"
"BOGOTA D.C.","PARTICULAR","ACTIVO","CAMPERO","1979","1386"
"BOGOTA D.C.","PÚBLICO","ACTIVO","CAMPERO","1979","5"
"BOGOTA D.C.","PARTICULAR","INCONSISTENTE","CAMPERO","1979","49"
"BOGOTA D.C.","OFICIAL","ACTIVO","CAMPERO","1979","40"
"BOGOTA D.C.","PARTICULAR","ACTIVO","MAQ. AGRICOLA","1979","1"
"BOGOTA D.C.","PARTICULAR","ACTIVO","MAQ. INDUSTRIAL","1979","23"
"BOGOTA D.C.","OFICIAL","ACTIVO","MICROBUS","1979","2"
"BOGOTA D.C.","PARTICULAR","ACTIVO","MICROBUS","1979","35"
"BOGOTA D.C.","PÚBLICO","ACTIVO","MICROBUS","1979","2"
"BOGOTA D.C.","OFICIAL","ACTIVO","MOTOCICLETA","1979","204"
"BOGOTA D.C.","OFICIAL","INCONSISTENTE","MOTOCICLETA","1979","1"
"BOGOTA D.C.","PARTICULAR","ACTIVO","MOTOCICLETA","1979","3253"
"BOGOTA D.C.","PARTICULAR","INCONSISTENTE","MOTOCICLETA","1979","38"
"BOGOTA D.C.","PARTICULAR","ACTIVO","TRACTOCAMION","1979","7"
"BOGOTA D.C.","OFICIAL","ACTIVO","TRACTOCAMION","1979","2"
"BOGOTA D.C.","PÚBLICO","ACTIVO","TRACTOCAMION","1979","1"
"BOGOTA D.C.","PARTICULAR","INCONSISTENTE","TRACTOCAMION","1979","2"
"BOGOTA D.C.","PÚBLICO","ACTIVO","VOLQUETA","1979","11"
"BOGOTA D.C.","PARTICULAR","ACTIVO","VOLQUETA","1979","3"
"BOGOTA D.C.","PARTICULAR","ACTIVO","AUTOMOVIL","1980","5015"
"BOGOTA D.C.","PÚBLICO","ACTIVO","AUTOMOVIL","1980","49"
"BOGOTA D.C.","OTROS","ACTIVO","AUTOMOVIL","1980","1"
"BOGOTA D.C.","OFICIAL","ACTIVO","AUTOMOVIL","1980","103"
"BOGOTA D.C.","PARTICULAR","INCONSISTENTE","AUTOMOVIL","1980","105"
"BOGOTA D.C.","PÚBLICO","INCONSISTENTE","AUTOMOVIL","1980","11"
"BOGOTA D.C.","PÚBLICO","INCONSISTENTE","BUS","1980","25"
"BOGOTA D.C.","PARTICULAR","INCONSISTENTE","BUS","1980","6"
"BOGOTA D.C.","PARTICULAR","ACTIVO","BUS","1980","25"
"BOGOTA D.C.","PÚBLICO","ACTIVO","BUS","1980","11"
"BOGOTA D.C.","PARTICULAR","ACTIVO","BUSETA","1980","10"
"BOGOTA D.C.","PÚBLICO","ACTIVO","BUSETA","1980","160"
"BOGOTA D.C.","PÚBLICO","INCONSISTENTE","BUSETA","1980","1"
"BOGOTA D.C.","PARTICULAR","INCONSISTENTE","CAMION","1980","17"
"BOGOTA D.C.","PÚBLICO","ACTIVO","CAMION","1980","81"
"BOGOTA D.C.","PARTICULAR","ACTIVO","CAMION","1980","207"
"BOGOTA D.C.","OFICIAL","ACTIVO","CAMION","1980","20"
"BOGOTA D.C.","OFICIAL","ACTIVO","CAMIONETA","1980","17"
"BOGOTA D.C.","PARTICULAR","INCONSISTENTE","CAMIONETA","1980","40"
"BOGOTA D.C.","PARTICULAR","ACTIVO","CAMIONETA","1980","1511"
"BOGOTA D.C.","PÚBLICO","ACTIVO","CAMIONETA","1980","86"
"BOGOTA D.C.","PARTICULAR","INCONSISTENTE","CAMPERO","1980","66"
"BOGOTA D.C.","PARTICULAR","ACTIVO","CAMPERO","1980","1448"
"BOGOTA D.C.","PÚBLICO","ACTIVO","CAMPERO","1980","3"
"BOGOTA D.C.","OFICIAL","ACTIVO","CAMPERO","1980","55"
"BOGOTA D.C.","PARTICULAR","ACTIVO","MAQ. INDUSTRIAL","1980","16"
"BOGOTA D.C.","PARTICULAR","ACTIVO","MICROBUS","1980","25"
"BOGOTA D.C.","OFICIAL","ACTIVO","MICROBUS","1980","1"
"BOGOTA D.C.","PARTICULAR","ACTIVO","MOTOCARRO","1980","4"
"BOGOTA D.C.","OFICIAL","ACTIVO","MOTOCICLETA","1980","235"
"BOGOTA D.C.","PARTICULAR","INCONSISTENTE","MOTOCICLETA","1980","42"
"BOGOTA D.C.","PARTICULAR","ACTIVO","MOTOCICLETA","1980","3014"
"BOGOTA D.C.","OFICIAL","ACTIVO","TRACTOCAMION","1980","1"
"BOGOTA D.C.","PARTICULAR","INCONSISTENTE","TRACTOCAMION","1980","1"
"BOGOTA D.C.","PÚBLICO","INCONSISTENTE","TRACTOCAMION","1980","3"
"BOGOTA D.C.","PÚBLICO","ACTIVO","TRACTOCAMION","1980","2"
"BOGOTA D.C.","PARTICULAR","ACTIVO","TRACTOCAMION","1980","17"
"BOGOTA D.C.","PARTICULAR","ACTIVO","VOLQUETA","1980","10"
"BOGOTA D.C.","PÚBLICO","ACTIVO","VOLQUETA","1980","13"
"BOGOTA D.C.","PÚBLICO","ACTIVO","AUTOMOVIL","1981","41"
"BOGOTA D.C.","OTROS","ACTIVO","AUTOMOVIL","1981","1"
"BOGOTA D.C.","PARTICULAR","INCONSISTENTE","AUTOMOVIL","1981","93"
"BOGOTA D.C.","OFICIAL","ACTIVO","AUTOMOVIL","1981","63"
"BOGOTA D.C.","PARTICULAR","ACTIVO","AUTOMOVIL","1981","5944"
"BOGOTA D.C.","PÚBLICO","INCONSISTENTE","AUTOMOVIL","1981","18"
"BOGOTA D.C.","PÚBLICO","INCONSISTENTE","BUS","1981","6"
"BOGOTA D.C.","PARTICULAR","INCONSISTENTE","BUS","1981","1"
"BOGOTA D.C.","PARTICULAR","ACTIVO","BUS","1981","16"
"BOGOTA D.C.","OFICIAL","ACTIVO","BUS","1981","4"
"BOGOTA D.C.","PÚBLICO","ACTIVO","BUS","1981","30"
"BOGOTA D.C.","PÚBLICO","INCONSISTENTE","BUSETA","1981","4"
"BOGOTA D.C.","PARTICULAR","INCONSISTENTE","BUSETA","1981","2"
"BOGOTA D.C.","PARTICULAR","ACTIVO","BUSETA","1981","14"
"BOGOTA D.C.","PÚBLICO","ACTIVO","BUSETA","1981","125"
"BOGOTA D.C.","PARTICULAR","ACTIVO","CAMION","1981","176"
"BOGOTA D.C.","OFICIAL","ACTIVO","CAMION","1981","21"
"BOGOTA D.C.","PARTICULAR","INCONSISTENTE","CAMION","1981","8"
"BOGOTA D.C.","PÚBLICO","ACTIVO","CAMION","1981","48"
"BOGOTA D.C.","PARTICULAR","ACTIVO","CAMIONETA","1981","1626"
"BOGOTA D.C.","PÚBLICO","ACTIVO","CAMIONETA","1981","66"
"BOGOTA D.C.","PARTICULAR","INCONSISTENTE","CAMIONETA","1981","28"
"BOGOTA D.C.","OFICIAL","ACTIVO","CAMIONETA","1981","34"
"BOGOTA D.C.","OFICIAL","ACTIVO","CAMPERO","1981","37"
"BOGOTA D.C.","PARTICULAR","ACTIVO","CAMPERO","1981","1747"
"BOGOTA D.C.","PARTICULAR","INCONSISTENTE","CAMPERO","1981","70"
"BOGOTA D.C.","OTROS","ACTIVO","CAMPERO","1981","1"
"BOGOTA D.C.","PÚBLICO","ACTIVO","CAMPERO","1981","7"
"BOGOTA D.C.","PARTICULAR","ACTIVO","MAQ. AGRICOLA","1981","2"
"BOGOTA D.C.","PARTICULAR","ACTIVO","MAQ. INDUSTRIAL","1981","38"
"BOGOTA D.C.","PARTICULAR","ACTIVO","MICROBUS","1981","36"
"BOGOTA D.C.","PÚBLICO","ACTIVO","MICROBUS","1981","3"
"BOGOTA D.C.","PARTICULAR","ACTIVO","MOTOCARRO","1981","18"
"BOGOTA D.C.","PARTICULAR","INCONSISTENTE","MOTOCARRO","1981","2"
"BOGOTA D.C.","PARTICULAR","INCONSISTENTE","MOTOCICLETA","1981","36"
"BOGOTA D.C.","OFICIAL","ACTIVO","MOTOCICLETA","1981","134"
"BOGOTA D.C.","PARTICULAR","ACTIVO","MOTOCICLETA","1981","3579"
"BOGOTA D.C.","PARTICULAR","ACTIVO","MOTOTRICICLO","1981","4"
"BOGOTA D.C.","PARTICULAR","ACTIVO","TRACTOCAMION","1981","4"
"BOGOTA D.C.","PÚBLICO","ACTIVO","TRACTOCAMION","1981","10"
"BOGOTA D.C.","PARTICULAR","INCONSISTENTE","TRACTOCAMION","1981","1"
"BOGOTA D.C.","PÚBLICO","ACTIVO","VOLQUETA","1981","12"
"BOGOTA D.C.","PARTICULAR","ACTIVO","VOLQUETA","1981","10"
"BOGOTA D.C.","OFICIAL","ACTIVO","AUTOMOVIL","1982","70"
"BOGOTA D.C.","PÚBLICO","ACTIVO","AUTOMOVIL","1982","54"
"BOGOTA D.C.","PÚBLICO","INCONSISTENTE","AUTOMOVIL","1982","1"
"BOGOTA D.C.","PARTICULAR","INCONSISTENTE","AUTOMOVIL","1982","53"
"BOGOTA D.C.","PARTICULAR","ACTIVO","AUTOMOVIL","1982","5885"
"BOGOTA D.C.","PÚBLICO","ACTIVO","BUS","1982","41"
"BOGOTA D.C.","OFICIAL","ACTIVO","BUS","1982","16"
"BOGOTA D.C.","PARTICULAR","ACTIVO","BUS","1982","33"
"BOGOTA D.C.","PARTICULAR","INCONSISTENTE","BUS","1982","1"
"BOGOTA D.C.","PÚBLICO","INCONSISTENTE","BUS","1982","3"
"BOGOTA D.C.","PARTICULAR","INCONSISTENTE","BUSETA","1982","4"
"BOGOTA D.C.","PARTICULAR","ACTIVO","BUSETA","1982","17"
"BOGOTA D.C.","OFICIAL","ACTIVO","BUSETA","1982","1"
"BOGOTA D.C.","PÚBLICO","ACTIVO","BUSETA","1982","159"
"BOGOTA D.C.","PÚBLICO","INCONSISTENTE","BUSETA","1982","5"
"BOGOTA D.C.","PÚBLICO","ACTIVO","CAMION","1982","44"
"BOGOTA D.C.","PÚBLICO","INCONSISTENTE","CAMION","1982","1"
"BOGOTA D.C.","OFICIAL","ACTIVO","CAMION","1982","7"
"BOGOTA D.C.","PARTICULAR","ACTIVO","CAMION","1982","158"
"BOGOTA D.C.","PARTICULAR","INCONSISTENTE","CAMION","1982","6"
"BOGOTA D.C.","PÚBLICO","ACTIVO","CAMIONETA","1982","64"
"BOGOTA D.C.","PARTICULAR","ACTIVO","CAMIONETA","1982","1643"
"BOGOTA D.C.","PÚBLICO","INCONSISTENTE","CAMIONETA","1982","1"
"BOGOTA D.C.","PARTICULAR","INCONSISTENTE","CAMIONETA","1982","35"
"BOGOTA D.C.","OFICIAL","ACTIVO","CAMIONETA","1982","28"
"BOGOTA D.C.","PARTICULAR","ACTIVO","CAMPERO","1982","1989"
"BOGOTA D.C.","OFICIAL","ACTIVO","CAMPERO","1982","58"
"BOGOTA D.C.","OFICIAL","INCONSISTENTE","CAMPERO","1982","2"
"BOGOTA D.C.","PARTICULAR","INCONSISTENTE","CAMPERO","1982","69"
"BOGOTA D.C.","PÚBLICO","ACTIVO","CAMPERO","1982","3"
"BOGOTA D.C.","PARTICULAR","ACTIVO","MAQ. INDUSTRIAL","1982","33"
"BOGOTA D.C.","PARTICULAR","INCONSISTENTE","MICROBUS","1982","1"
"BOGOTA D.C.","PÚBLICO","INCONSISTENTE","MICROBUS","1982","2"
"BOGOTA D.C.","PARTICULAR","ACTIVO","MICROBUS","1982","42"
"BOGOTA D.C.","PÚBLICO","ACTIVO","MICROBUS","1982","6"
"BOGOTA D.C.","PARTICULAR","ACTIVO","MOTOCARRO","1982","71"
"BOGOTA D.C.","PARTICULAR","INCONSISTENTE","MOTOCARRO","1982","4"
"BOGOTA D.C.","PARTICULAR","ACTIVO","MOTOCICLETA","1982","1371"
"BOGOTA D.C.","PARTICULAR","INCONSISTENTE","MOTOCICLETA","1982","8"
"BOGOTA D.C.","OFICIAL","ACTIVO","MOTOCICLETA","1982","27"
"BOGOTA D.C.","PARTICULAR","ACTIVO","MOTOTRICICLO","1982","2"
"BOGOTA D.C.","NO REGISTRA","ACTIVO","SEMIREMOLQUE","1982","1"
"BOGOTA D.C.","PÚBLICO","ACTIVO","TRACTOCAMION","1982","8"
"BOGOTA D.C.","PARTICULAR","ACTIVO","TRACTOCAMION","1982","5"
"BOGOTA D.C.","PÚBLICO","ACTIVO","VOLQUETA","1982","8"
"BOGOTA D.C.","PARTICULAR","ACTIVO","VOLQUETA","1982","12"
"BOGOTA D.C.","OFICIAL","ACTIVO","AUTOMOVIL","1983","47"
"BOGOTA D.C.","PARTICULAR","INCONSISTENTE","AUTOMOVIL","1983","84"
"BOGOTA D.C.","OTROS","ACTIVO","AUTOMOVIL","1983","3"
"BOGOTA D.C.","PÚBLICO","INCONSISTENTE","AUTOMOVIL","1983","7"
"BOGOTA D.C.","PÚBLICO","ACTIVO","AUTOMOVIL","1983","58"
"BOGOTA D.C.","PARTICULAR","ACTIVO","AUTOMOVIL","1983","7190"
"BOGOTA D.C.","OFICIAL","ACTIVO","BUS","1983","14"
"BOGOTA D.C.","PÚBLICO","ACTIVO","BUS","1983","41"
"BOGOTA D.C.","PARTICULAR","INCONSISTENTE","BUS","1983","1"
"BOGOTA D.C.","PÚBLICO","INCONSISTENTE","BUS","1983","3"
"BOGOTA D.C.","PARTICULAR","ACTIVO","BUS","1983","30"
"BOGOTA D.C.","PÚBLICO","INCONSISTENTE","BUSETA","1983","1"
"BOGOTA D.C.","PÚBLICO","ACTIVO","BUSETA","1983","99"
"BOGOTA D.C.","PARTICULAR","ACTIVO","BUSETA","1983","8"
"BOGOTA D.C.","OFICIAL","ACTIVO","BUSETA","1983","3"
"BOGOTA D.C.","PARTICULAR","INCONSISTENTE","CAMION","1983","4"
"BOGOTA D.C.","PARTICULAR","ACTIVO","CAMION","1983","189"
"BOGOTA D.C.","PÚBLICO","ACTIVO","CAMION","1983","37"
"BOGOTA D.C.","OFICIAL","ACTIVO","CAMION","1983","6"
"BOGOTA D.C.","OFICIAL","INCONSISTENTE","CAMIONETA","1983","1"
"BOGOTA D.C.","PARTICULAR","ACTIVO","CAMIONETA","1983","1808"
"BOGOTA D.C.","OFICIAL","ACTIVO","CAMIONETA","1983","25"
"BOGOTA D.C.","PARTICULAR","INCONSISTENTE","CAMIONETA","1983","35"
"BOGOTA D.C.","PÚBLICO","ACTIVO","CAMIONETA","1983","98"
"BOGOTA D.C.","PÚBLICO","ACTIVO","CAMPERO","1983","8"
"BOGOTA D.C.","PARTICULAR","ACTIVO","CAMPERO","1983","1949"
"BOGOTA D.C.","OFICIAL","ACTIVO","CAMPERO","1983","36"
"BOGOTA D.C.","PARTICULAR","INCONSISTENTE","CAMPERO","1983","63"
"BOGOTA D.C.","OFICIAL","ACTIVO","MAQ. AGRICOLA","1983","1"
"BOGOTA D.C.","PARTICULAR","ACTIVO","MAQ. AGRICOLA","1983","3"
"BOGOTA D.C.","PARTICULAR","ACTIVO","MAQ. INDUSTRIAL","1983","15"
"BOGOTA D.C.","OFICIAL","ACTIVO","MAQ. INDUSTRIAL","1983","1"
"BOGOTA D.C.","PARTICULAR","INCONSISTENTE","MICROBUS","1983","1"
"BOGOTA D.C.","PÚBLICO","ACTIVO","MICROBUS","1983","2"
"BOGOTA D.C.","PARTICULAR","ACTIVO","MICROBUS","1983","41"
"BOGOTA D.C.","PÚBLICO","INCONSISTENTE","MICROBUS","1983","1"
"BOGOTA D.C.","OFICIAL","ACTIVO","MOTOCARRO","1983","1"
"BOGOTA D.C.","PARTICULAR","INCONSISTENTE","MOTOCARRO","1983","1"
"BOGOTA D.C.","PARTICULAR","ACTIVO","MOTOCARRO","1983","56"
"BOGOTA D.C.","PARTICULAR","INCONSISTENTE","MOTOCICLETA","1983","11"
"BOGOTA D.C.","PARTICULAR","ACTIVO","MOTOCICLETA","1983","810"
"BOGOTA D.C.","OFICIAL","ACTIVO","MOTOCICLETA","1983","34"
"BOGOTA D.C.","PARTICULAR","ACTIVO","MOTOTRICICLO","1983","1"
"BOGOTA D.C.","NO REGISTRA","ACTIVO","SEMIREMOLQUE","1983","4"
"BOGOTA D.C.","PARTICULAR","ACTIVO","TRACTOCAMION","1983","2"
"BOGOTA D.C.","OFICIAL","ACTIVO","TRACTOCAMION","1983","2"
"BOGOTA D.C.","PARTICULAR","ACTIVO","VOLQUETA","1983","7"
"BOGOTA D.C.","PÚBLICO","ACTIVO","VOLQUETA","1983","7"
"BOGOTA D.C.","PARTICULAR","INCONSISTENTE","AUTOMOVIL","1984","123"
"BOGOTA D.C.","OTROS","ACTIVO","AUTOMOVIL","1984","1"
"BOGOTA D.C.","PARTICULAR","ACTIVO","AUTOMOVIL","1984","8369"
"BOGOTA D.C.","PÚBLICO","INCONSISTENTE","AUTOMOVIL","1984","5"
"BOGOTA D.C.","PÚBLICO","ACTIVO","AUTOMOVIL","1984","20"
"BOGOTA D.C.","OFICIAL","ACTIVO","AUTOMOVIL","1984","39"
"BOGOTA D.C.","PARTICULAR","INCONSISTENTE","BUS","1984","2"
"BOGOTA D.C.","OFICIAL","ACTIVO","BUS","1984","12"
"BOGOTA D.C.","PÚBLICO","ACTIVO","BUS","1984","60"
"BOGOTA D.C.","PÚBLICO","INCONSISTENTE","BUS","1984","3"
"BOGOTA D.C.","PARTICULAR","ACTIVO","BUS","1984","21"
"BOGOTA D.C.","PÚBLICO","ACTIVO","BUSETA","1984","102"
"BOGOTA D.C.","PARTICULAR","INCONSISTENTE","BUSETA","1984","1"
"BOGOTA D.C.","PARTICULAR","ACTIVO","BUSETA","1984","19"
"BOGOTA D.C.","PÚBLICO","INCONSISTENTE","BUSETA","1984","3"
"BOGOTA D.C.","OFICIAL","ACTIVO","CAMION","1984","84"
"BOGOTA D.C.","PARTICULAR","ACTIVO","CAMION","1984","210"
"BOGOTA D.C.","PARTICULAR","INCONSISTENTE","CAMION","1984","10"
"BOGOTA D.C.","PÚBLICO","ACTIVO","CAMION","1984","77"
"BOGOTA D.C.","OTROS","ACTIVO","CAMIONETA","1984","1"
"BOGOTA D.C.","OFICIAL","ACTIVO","CAMIONETA","1984","26"
"BOGOTA D.C.","PÚBLICO","ACTIVO","CAMIONETA","1984","143"
"BOGOTA D.C.","PARTICULAR","INCONSISTENTE","CAMIONETA","1984","37"
"BOGOTA D.C.","PARTICULAR","ACTIVO","CAMIONETA","1984","2042"
"BOGOTA D.C.","PARTICULAR","ACTIVO","CAMPERO","1984","1375"
"BOGOTA D.C.","PÚBLICO","ACTIVO","CAMPERO","1984","1"
"BOGOTA D.C.","PARTICULAR","INCONSISTENTE","CAMPERO","1984","49"
"BOGOTA D.C.","OFICIAL","ACTIVO","CAMPERO","1984","12"
"BOGOTA D.C.","PARTICULAR","ACTIVO","MAQ. AGRICOLA","1984","4"
"BOGOTA D.C.","PARTICULAR","ACTIVO","MAQ. INDUSTRIAL","1984","16"
"BOGOTA D.C.","OFICIAL","ACTIVO","MAQ. INDUSTRIAL","1984","6"
"BOGOTA D.C.","PÚBLICO","ACTIVO","MICROBUS","1984","2"
"BOGOTA D.C.","PARTICULAR","INCONSISTENTE","MICROBUS","1984","1"
"BOGOTA D.C.","PARTICULAR","ACTIVO","MICROBUS","1984","35"
"BOGOTA D.C.","PARTICULAR","ACTIVO","MOTOCARRO","1984","10"
"BOGOTA D.C.","PARTICULAR","INCONSISTENTE","MOTOCARRO","1984","1"
"BOGOTA D.C.","PARTICULAR","ACTIVO","MOTOCICLETA","1984","735"
"BOGOTA D.C.","OFICIAL","ACTIVO","MOTOCICLETA","1984","9"
"BOGOTA D.C.","PARTICULAR","INCONSISTENTE","MOTOCICLETA","1984","9"
"BOGOTA D.C.","PARTICULAR","ACTIVO","MOTOTRICICLO","1984","2"
"BOGOTA D.C.","PÚBLICO","ACTIVO","TRACTOCAMION","1984","4"
"BOGOTA D.C.","PARTICULAR","ACTIVO","TRACTOCAMION","1984","6"
"BOGOTA D.C.","PÚBLICO","ACTIVO","VOLQUETA","1984","11"
"BOGOTA D.C.","PARTICULAR","ACTIVO","VOLQUETA","1984","12"
"BOGOTA D.C.","PÚBLICO","ACTIVO","AUTOMOVIL","1985","15"
"BOGOTA D.C.","PARTICULAR","ACTIVO","AUTOMOVIL","1985","8823"
"BOGOTA D.C.","OFICIAL","ACTIVO","AUTOMOVIL","1985","33"
"BOGOTA D.C.","PARTICULAR","INCONSISTENTE","AUTOMOVIL","1985","117"
"BOGOTA D.C.","OTROS","ACTIVO","AUTOMOVIL","1985","1"
"BOGOTA D.C.","PÚBLICO","INCONSISTENTE","AUTOMOVIL","1985","1"
"BOGOTA D.C.","PARTICULAR","INCONSISTENTE","BUS","1985","3"
"BOGOTA D.C.","OFICIAL","ACTIVO","BUS","1985","12"
"BOGOTA D.C.","PÚBLICO","ACTIVO","BUS","1985","48"
"BOGOTA D.C.","PARTICULAR","ACTIVO","BUS","1985","5"
"BOGOTA D.C.","PARTICULAR","ACTIVO","BUSETA","1985","3"
"BOGOTA D.C.","PÚBLICO","ACTIVO","BUSETA","1985","25"
"BOGOTA D.C.","PÚBLICO","INCONSISTENTE","BUSETA","1985","1"
"BOGOTA D.C.","PÚBLICO","ACTIVO","CAMION","1985","50"
"BOGOTA D.C.","PARTICULAR","INCONSISTENTE","CAMION","1985","5"
"BOGOTA D.C.","OFICIAL","ACTIVO","CAMION","1985","25"
"BOGOTA D.C.","PARTICULAR","ACTIVO","CAMION","1985","115"
"BOGOTA D.C.","PÚBLICO","INCONSISTENTE","CAMION","1985","1"
"BOGOTA D.C.","PÚBLICO","ACTIVO","CAMIONETA","1985","102"
"BOGOTA D.C.","PARTICULAR","ACTIVO","CAMIONETA","1985","1781"
"BOGOTA D.C.","OFICIAL","INCONSISTENTE","CAMIONETA","1985","2"
"BOGOTA D.C.","OFICIAL","ACTIVO","CAMIONETA","1985","24"
"BOGOTA D.C.","PARTICULAR","INCONSISTENTE","CAMIONETA","1985","38"
"BOGOTA D.C.","PARTICULAR","INCONSISTENTE","CAMPERO","1985","13"
"BOGOTA D.C.","OTROS","ACTIVO","CAMPERO","1985","1"
"BOGOTA D.C.","OFICIAL","ACTIVO","CAMPERO","1985","6"
"BOGOTA D.C.","PARTICULAR","ACTIVO","CAMPERO","1985","507"
"BOGOTA D.C.","PARTICULAR","ACTIVO","MAQ. AGRICOLA","1985","1"
"BOGOTA D.C.","PARTICULAR","ACTIVO","MAQ. INDUSTRIAL","1985","10"
"BOGOTA D.C.","PÚBLICO","ACTIVO","MICROBUS","1985","9"
"BOGOTA D.C.","PARTICULAR","ACTIVO","MICROBUS","1985","33"
"BOGOTA D.C.","OFICIAL","ACTIVO","MOTOCARRO","1985","1"
"BOGOTA D.C.","PARTICULAR","ACTIVO","MOTOCARRO","1985","2"
"BOGOTA D.C.","PARTICULAR","INCONSISTENTE","MOTOCICLETA","1985","4"
"BOGOTA D.C.","OFICIAL","ACTIVO","MOTOCICLETA","1985","5"
"BOGOTA D.C.","PARTICULAR","ACTIVO","MOTOCICLETA","1985","559"
"BOGOTA D.C.","PARTICULAR","ACTIVO","TRACTOCAMION","1985","6"
"BOGOTA D.C.","PÚBLICO","ACTIVO","TRACTOCAMION","1985","5"
"BOGOTA D.C.","OFICIAL","ACTIVO","TRACTOCAMION","1985","2"
"BOGOTA D.C.","PARTICULAR","INCONSISTENTE","TRACTOCAMION","1985","1"
"BOGOTA D.C.","PARTICULAR","ACTIVO","VOLQUETA","1985","2"
"BOGOTA D.C.","PÚBLICO","ACTIVO","VOLQUETA","1985","5"
"BOGOTA D.C.","PARTICULAR","INCONSISTENTE","AUTOMOVIL","1986","113"
"BOGOTA D.C.","PARTICULAR","ACTIVO","AUTOMOVIL","1986","9329"
"BOGOTA D.C.","OFICIAL","ACTIVO","AUTOMOVIL","1986","36"
"BOGOTA D.C.","PÚBLICO","INCONSISTENTE","AUTOMOVIL","1986","7"
"BOGOTA D.C.","PÚBLICO","ACTIVO","AUTOMOVIL","1986","46"
"BOGOTA D.C.","OTROS","ACTIVO","AUTOMOVIL","1986","2"
"BOGOTA D.C.","OFICIAL","INCONSISTENTE","AUTOMOVIL","1986","1"
"BOGOTA D.C.","PÚBLICO","ACTIVO","BUS","1986","87"
"BOGOTA D.C.","PÚBLICO","INCONSISTENTE","BUS","1986","5"
"BOGOTA D.C.","OFICIAL","ACTIVO","BUS","1986","8"
"BOGOTA D.C.","PARTICULAR","INCONSISTENTE","BUS","1986","1"
"BOGOTA D.C.","PARTICULAR","ACTIVO","BUS","1986","12"
"BOGOTA D.C.","PARTICULAR","INCONSISTENTE","BUSETA","1986","1"
"BOGOTA D.C.","OFICIAL","ACTIVO","BUSETA","1986","3"
"BOGOTA D.C.","PARTICULAR","ACTIVO","BUSETA","1986","1"
"BOGOTA D.C.","PÚBLICO","ACTIVO","BUSETA","1986","3"
"BOGOTA D.C.","PARTICULAR","INCONSISTENTE","CAMION","1986","7"
"BOGOTA D.C.","OFICIAL","ACTIVO","CAMION","1986","8"
"BOGOTA D.C.","PARTICULAR","ACTIVO","CAMION","1986","145"
"BOGOTA D.C.","PÚBLICO","ACTIVO","CAMION","1986","59"
"BOGOTA D.C.","PARTICULAR","INCONSISTENTE","CAMIONETA","1986","34"
"BOGOTA D.C.","OFICIAL","INCONSISTENTE","CAMIONETA","1986","3"
"BOGOTA D.C.","PÚBLICO","ACTIVO","CAMIONETA","1986","169"
"BOGOTA D.C.","OFICIAL","ACTIVO","CAMIONETA","1986","46"
"BOGOTA D.C.","PARTICULAR","ACTIVO","CAMIONETA","1986","1878"
"BOGOTA D.C.","PÚBLICO","INCONSISTENTE","CAMIONETA","1986","1"
"BOGOTA D.C.","OFICIAL","ACTIVO","CAMPERO","1986","18"
"BOGOTA D.C.","OTROS","ACTIVO","CAMPERO","1986","2"
"BOGOTA D.C.","PÚBLICO","ACTIVO","CAMPERO","1986","6"
"BOGOTA D.C.","PARTICULAR","INCONSISTENTE","CAMPERO","1986","9"
"BOGOTA D.C.","PARTICULAR","ACTIVO","CAMPERO","1986","457"
"BOGOTA D.C.","PARTICULAR","ACTIVO","MAQ. AGRICOLA","1986","3"
"BOGOTA D.C.","PARTICULAR","ACTIVO","MAQ. INDUSTRIAL","1986","9"
"BOGOTA D.C.","PARTICULAR","ACTIVO","MICROBUS","1986","20"
"BOGOTA D.C.","PÚBLICO","ACTIVO","MICROBUS","1986","1"
"BOGOTA D.C.","PARTICULAR","ACTIVO","MOTOCARRO","1986","9"
"BOGOTA D.C.","PARTICULAR","INCONSISTENTE","MOTOCICLETA","1986","6"
"BOGOTA D.C.","OFICIAL","ACTIVO","MOTOCICLETA","1986","66"
"BOGOTA D.C.","PARTICULAR","ACTIVO","MOTOCICLETA","1986","558"
"BOGOTA D.C.","PARTICULAR","ACTIVO","MOTOTRICICLO","1986","1"
"BOGOTA D.C.","PÚBLICO","ACTIVO","TRACTOCAMION","1986","6"
"BOGOTA D.C.","PARTICULAR","ACTIVO","TRACTOCAMION","1986","4"
"BOGOTA D.C.","PARTICULAR","ACTIVO","VOLQUETA","1986","6"
"BOGOTA D.C.","PÚBLICO","ACTIVO","VOLQUETA","1986","5"
"BOGOTA D.C.","PARTICULAR","ACTIVO","AUTOMOVIL","1987","8837"
"BOGOTA D.C.","OFICIAL","ACTIVO","AUTOMOVIL","1987","44"
"BOGOTA D.C.","PARTICULAR","INCONSISTENTE","AUTOMOVIL","1987","125"
"BOGOTA D.C.","PÚBLICO","INCONSISTENTE","AUTOMOVIL","1987","5"
"BOGOTA D.C.","PÚBLICO","ACTIVO","AUTOMOVIL","1987","51"
"BOGOTA D.C.","PÚBLICO","ACTIVO","BUS","1987","53"
"BOGOTA D.C.","OFICIAL","ACTIVO","BUS","1987","2"
"BOGOTA D.C.","PARTICULAR","ACTIVO","BUS","1987","13"
"BOGOTA D.C.","PARTICULAR","INCONSISTENTE","BUS","1987","2"
"BOGOTA D.C.","PARTICULAR","ACTIVO","BUSETA","1987","5"
"BOGOTA D.C.","PÚBLICO","ACTIVO","CAMION","1987","104"
"BOGOTA D.C.","OFICIAL","ACTIVO","CAMION","1987","12"
"BOGOTA D.C.","PARTICULAR","ACTIVO","CAMION","1987","153"
"BOGOTA D.C.","PARTICULAR","INCONSISTENTE","CAMION","1987","14"
"BOGOTA D.C.","PARTICULAR","INCONSISTENTE","CAMIONETA","1987","24"
"BOGOTA D.C.","PÚBLICO","ACTIVO","CAMIONETA","1987","113"
"BOGOTA D.C.","OFICIAL","ACTIVO","CAMIONETA","1987","11"
"BOGOTA D.C.","PARTICULAR","ACTIVO","CAMIONETA","1987","1152"
"BOGOTA D.C.","PARTICULAR","ACTIVO","CAMPERO","1987","485"
"BOGOTA D.C.","PARTICULAR","INCONSISTENTE","CAMPERO","1987","13"
"BOGOTA D.C.","PÚBLICO","ACTIVO","CAMPERO","1987","1"
"BOGOTA D.C.","OFICIAL","ACTIVO","CAMPERO","1987","6"
"BOGOTA D.C.","PARTICULAR","ACTIVO","MAQ. AGRICOLA","1987","8"
"BOGOTA D.C.","PARTICULAR","ACTIVO","MAQ. INDUSTRIAL","1987","16"
"BOGOTA D.C.","PARTICULAR","INCONSISTENTE","MICROBUS","1987","1"
"BOGOTA D.C.","PARTICULAR","ACTIVO","MICROBUS","1987","17"
"BOGOTA D.C.","PÚBLICO","ACTIVO","MICROBUS","1987","3"
"BOGOTA D.C.","PARTICULAR","ACTIVO","MOTOCARRO","1987","1"
"BOGOTA D.C.","PARTICULAR","INCONSISTENTE","MOTOCICLETA","1987","2"
"BOGOTA D.C.","PARTICULAR","ACTIVO","MOTOCICLETA","1987","493"
"BOGOTA D.C.","OFICIAL","ACTIVO","MOTOCICLETA","1987","6"
"BOGOTA D.C.","PARTICULAR","ACTIVO","MOTOTRICICLO","1987","1"
"BOGOTA D.C.","OFICIAL","ACTIVO","TRACTOCAMION","1987","1"
"BOGOTA D.C.","PÚBLICO","ACTIVO","TRACTOCAMION","1987","3"
"BOGOTA D.C.","PARTICULAR","ACTIVO","TRACTOCAMION","1987","2"
"BOGOTA D.C.","PÚBLICO","INCONSISTENTE","TRACTOCAMION","1987","1"
"BOGOTA D.C.","PÚBLICO","ACTIVO","VOLQUETA","1987","14"
"BOGOTA D.C.","PARTICULAR","ACTIVO","VOLQUETA","1987","13"
"BOGOTA D.C.","PARTICULAR","INCONSISTENTE","AUTOMOVIL","1988","97"
"BOGOTA D.C.","PÚBLICO","ACTIVO","AUTOMOVIL","1988","77"
"BOGOTA D.C.","PARTICULAR","ACTIVO","AUTOMOVIL","1988","9499"
"BOGOTA D.C.","OFICIAL","ACTIVO","AUTOMOVIL","1988","45"
"BOGOTA D.C.","PÚBLICO","INCONSISTENTE","AUTOMOVIL","1988","6"
"BOGOTA D.C.","OFICIAL","ACTIVO","BUS","1988","1"
"BOGOTA D.C.","PARTICULAR","ACTIVO","BUS","1988","19"
"BOGOTA D.C.","PÚBLICO","ACTIVO","BUS","1988","68"
"BOGOTA D.C.","PÚBLICO","INCONSISTENTE","BUS","1988","2"
"BOGOTA D.C.","PARTICULAR","INCONSISTENTE","BUSETA","1988","1"
"BOGOTA D.C.","PARTICULAR","ACTIVO","BUSETA","1988","3"
"BOGOTA D.C.","OFICIAL","ACTIVO","BUSETA","1988","1"
"BOGOTA D.C.","OFICIAL","ACTIVO","CAMION","1988","7"
"BOGOTA D.C.","PÚBLICO","ACTIVO","CAMION","1988","71"
"BOGOTA D.C.","PARTICULAR","INCONSISTENTE","CAMION","1988","9"
"BOGOTA D.C.","PÚBLICO","INCONSISTENTE","CAMION","1988","2"
"BOGOTA D.C.","PARTICULAR","ACTIVO","CAMION","1988","128"
"BOGOTA D.C.","PÚBLICO","ACTIVO","CAMIONETA","1988","126"
"BOGOTA D.C.","OFICIAL","ACTIVO","CAMIONETA","1988","15"
"BOGOTA D.C.","PARTICULAR","INCONSISTENTE","CAMIONETA","1988","16"
"BOGOTA D.C.","PARTICULAR","ACTIVO","CAMIONETA","1988","1305"
"BOGOTA D.C.","PÚBLICO","ACTIVO","CAMPERO","1988","2"
"BOGOTA D.C.","PARTICULAR","ACTIVO","CAMPERO","1988","727"
"BOGOTA D.C.","OFICIAL","ACTIVO","CAMPERO","1988","6"
"BOGOTA D.C.","PARTICULAR","INCONSISTENTE","CAMPERO","1988","14"
"BOGOTA D.C.","PARTICULAR","ACTIVO","MAQ. INDUSTRIAL","1988","30"
"BOGOTA D.C.","PARTICULAR","ACTIVO","MICROBUS","1988","13"
"BOGOTA D.C.","PÚBLICO","ACTIVO","MICROBUS","1988","3"
"BOGOTA D.C.","PARTICULAR","ACTIVO","MOTOCARRO","1988","4"
"BOGOTA D.C.","PARTICULAR","ACTIVO","MOTOCICLETA","1988","349"
"BOGOTA D.C.","OFICIAL","ACTIVO","MOTOCICLETA","1988","4"
"BOGOTA D.C.","PARTICULAR","INCONSISTENTE","MOTOCICLETA","1988","1"
"BOGOTA D.C.","PARTICULAR","ACTIVO","MOTOTRICICLO","1988","1"
"BOGOTA D.C.","NO REGISTRA","ACTIVO","SEMIREMOLQUE","1988","1"
"BOGOTA D.C.","PÚBLICO","ACTIVO","TRACTOCAMION","1988","2"
"BOGOTA D.C.","PARTICULAR","ACTIVO","TRACTOCAMION","1988","2"
"BOGOTA D.C.","PARTICULAR","ACTIVO","VOLQUETA","1988","11"
"BOGOTA D.C.","PÚBLICO","ACTIVO","VOLQUETA","1988","9"
"BOGOTA D.C.","PÚBLICO","ACTIVO","AUTOMOVIL","1989","41"
"BOGOTA D.C.","PARTICULAR","INCONSISTENTE","AUTOMOVIL","1989","78"
"BOGOTA D.C.","OTROS","ACTIVO","AUTOMOVIL","1989","3"
"BOGOTA D.C.","PÚBLICO","INCONSISTENTE","AUTOMOVIL","1989","1"
"BOGOTA D.C.","OFICIAL","ACTIVO","AUTOMOVIL","1989","37"
"BOGOTA D.C.","PARTICULAR","ACTIVO","AUTOMOVIL","1989","8980"
"BOGOTA D.C.","PÚBLICO","INCONSISTENTE","BUS","1989","1"
"BOGOTA D.C.","OFICIAL","ACTIVO","BUS","1989","2"
"BOGOTA D.C.","OTROS","ACTIVO","BUS","1989","1"
"BOGOTA D.C.","PÚBLICO","ACTIVO","BUS","1989","91"
"BOGOTA D.C.","PARTICULAR","ACTIVO","BUS","1989","11"
"BOGOTA D.C.","PÚBLICO","ACTIVO","BUSETA","1989","2"
"BOGOTA D.C.","PARTICULAR","ACTIVO","BUSETA","1989","1"
"BOGOTA D.C.","OFICIAL","ACTIVO","CAMION","1989","6"
"BOGOTA D.C.","PÚBLICO","ACTIVO","CAMION","1989","50"
"BOGOTA D.C.","PARTICULAR","INCONSISTENTE","CAMION","1989","6"
"BOGOTA D.C.","PÚBLICO","INCONSISTENTE","CAMION","1989","1"
"BOGOTA D.C.","PARTICULAR","ACTIVO","CAMION","1989","141"
"BOGOTA D.C.","PÚBLICO","ACTIVO","CAMIONETA","1989","136"
"BOGOTA D.C.","PÚBLICO","INCONSISTENTE","CAMIONETA","1989","1"
"BOGOTA D.C.","PARTICULAR","ACTIVO","CAMIONETA","1989","1235"
"BOGOTA D.C.","OFICIAL","ACTIVO","CAMIONETA","1989","5"
"BOGOTA D.C.","PARTICULAR","INCONSISTENTE","CAMIONETA","1989","21"
"BOGOTA D.C.","PARTICULAR","ACTIVO","CAMPERO","1989","1316"
"BOGOTA D.C.","PARTICULAR","INCONSISTENTE","CAMPERO","1989","22"
"BOGOTA D.C.","PÚBLICO","ACTIVO","CAMPERO","1989","4"
"BOGOTA D.C.","OFICIAL","ACTIVO","CAMPERO","1989","23"
"BOGOTA D.C.","OFICIAL","INCONSISTENTE","CAMPERO","1989","1"
"BOGOTA D.C.","PARTICULAR","ACTIVO","CUATRIMOTO","1989","1"
"BOGOTA D.C.","PARTICULAR","ACTIVO","MAQ. INDUSTRIAL","1989","16"
"BOGOTA D.C.","OFICIAL","ACTIVO","MICROBUS","1989","1"
"BOGOTA D.C.","PÚBLICO","ACTIVO","MICROBUS","1989","3"
"BOGOTA D.C.","PARTICULAR","ACTIVO","MICROBUS","1989","55"
"BOGOTA D.C.","PARTICULAR","ACTIVO","MOTOCARRO","1989","5"
"BOGOTA D.C.","PARTICULAR","ACTIVO","MOTOCICLETA","1989","207"
"BOGOTA D.C.","OFICIAL","ACTIVO","MOTOCICLETA","1989","28"
"BOGOTA D.C.","PARTICULAR","INCONSISTENTE","MOTOCICLETA","1989","4"
"BOGOTA D.C.","PARTICULAR","ACTIVO","MOTOTRICICLO","1989","1"
"BOGOTA D.C.","PARTICULAR","ACTIVO","TRACTOCAMION","1989","1"
"BOGOTA D.C.","PÚBLICO","ACTIVO","TRACTOCAMION","1989","4"
"BOGOTA D.C.","OFICIAL","ACTIVO","TRACTOCAMION","1989","1"
"BOGOTA D.C.","PÚBLICO","ACTIVO","VOLQUETA","1989","16"
"BOGOTA D.C.","PARTICULAR","ACTIVO","VOLQUETA","1989","5"
"BOGOTA D.C.","OFICIAL","ACTIVO","AUTOMOVIL","1990","27"
"BOGOTA D.C.","PARTICULAR","INCONSISTENTE","AUTOMOVIL","1990","61"
"BOGOTA D.C.","PÚBLICO","ACTIVO","AUTOMOVIL","1990","40"
"BOGOTA D.C.","PÚBLICO","INCONSISTENTE","AUTOMOVIL","1990","3"
"BOGOTA D.C.","PARTICULAR","ACTIVO","AUTOMOVIL","1990","6585"
"BOGOTA D.C.","OFICIAL","ACTIVO","BUS","1990","2"
"BOGOTA D.C.","PARTICULAR","ACTIVO","BUS","1990","11"
"BOGOTA D.C.","PÚBLICO","ACTIVO","BUS","1990","94"
"BOGOTA D.C.","PÚBLICO","INCONSISTENTE","BUS","1990","2"
"BOGOTA D.C.","PÚBLICO","ACTIVO","BUSETA","1990","1"
"BOGOTA D.C.","PARTICULAR","ACTIVO","BUSETA","1990","5"
"BOGOTA D.C.","PARTICULAR","ACTIVO","CAMION","1990","146"
"BOGOTA D.C.","PARTICULAR","INCONSISTENTE","CAMION","1990","1"
"BOGOTA D.C.","PÚBLICO","ACTIVO","CAMION","1990","61"
"BOGOTA D.C.","OFICIAL","ACTIVO","CAMION","1990","2"
"BOGOTA D.C.","PARTICULAR","INCONSISTENTE","CAMIONETA","1990","17"
"BOGOTA D.C.","PÚBLICO","ACTIVO","CAMIONETA","1990","144"
"BOGOTA D.C.","PARTICULAR","ACTIVO","CAMIONETA","1990","997"
"BOGOTA D.C.","OFICIAL","ACTIVO","CAMIONETA","1990","12"
"BOGOTA D.C.","PARTICULAR","ACTIVO","CAMPERO","1990","1134"
"BOGOTA D.C.","PARTICULAR","INCONSISTENTE","CAMPERO","1990","17"
"BOGOTA D.C.","PÚBLICO","INCONSISTENTE","CAMPERO","1990","1"
"BOGOTA D.C.","OFICIAL","ACTIVO","CAMPERO","1990","21"
"BOGOTA D.C.","PÚBLICO","ACTIVO","CAMPERO","1990","10"
"BOGOTA D.C.","PARTICULAR","ACTIVO","MAQ. INDUSTRIAL","1990","26"
"BOGOTA D.C.","PÚBLICO","INCONSISTENTE","MICROBUS","1990","2"
"BOGOTA D.C.","PARTICULAR","ACTIVO","MICROBUS","1990","37"
"BOGOTA D.C.","PÚBLICO","ACTIVO","MICROBUS","1990","28"
"BOGOTA D.C.","PARTICULAR","ACTIVO","MOTOCARRO","1990","1"
"BOGOTA D.C.","OFICIAL","ACTIVO","MOTOCICLETA","1990","12"
"BOGOTA D.C.","PARTICULAR","INCONSISTENTE","MOTOCICLETA","1990","2"
"BOGOTA D.C.","PARTICULAR","ACTIVO","MOTOCICLETA","1990","205"
"BOGOTA D.C.","PARTICULAR","ACTIVO","MOTOTRICICLO","1990","1"
"BOGOTA D.C.","OFICIAL","ACTIVO","TRACTOCAMION","1990","1"
"BOGOTA D.C.","PÚBLICO","ACTIVO","TRACTOCAMION","1990","3"
"BOGOTA D.C.","PARTICULAR","ACTIVO","TRACTOCAMION","1990","6"
"BOGOTA D.C.","PARTICULAR","ACTIVO","VOLQUETA","1990","4"
"BOGOTA D.C.","PÚBLICO","ACTIVO","VOLQUETA","1990","6"
"BOGOTA D.C.","OTROS","ACTIVO","AUTOMOVIL","1991","1"
"BOGOTA D.C.","PÚBLICO","ACTIVO","AUTOMOVIL","1991","42"
"BOGOTA D.C.","OFICIAL","ACTIVO","AUTOMOVIL","1991","38"
"BOGOTA D.C.","PARTICULAR","INCONSISTENTE","AUTOMOVIL","1991","56"
"BOGOTA D.C.","PÚBLICO","INCONSISTENTE","AUTOMOVIL","1991","2"
"BOGOTA D.C.","PARTICULAR","ACTIVO","AUTOMOVIL","1991","6735"
"BOGOTA D.C.","PARTICULAR","ACTIVO","BUS","1991","7"
"BOGOTA D.C.","PÚBLICO","ACTIVO","BUS","1991","115"
"BOGOTA D.C.","PÚBLICO","ACTIVO","BUSETA","1991","4"
"BOGOTA D.C.","PARTICULAR","ACTIVO","BUSETA","1991","3"
"BOGOTA D.C.","OFICIAL","ACTIVO","CAMION","1991","5"
"BOGOTA D.C.","PARTICULAR","ACTIVO","CAMION","1991","88"
"BOGOTA D.C.","PÚBLICO","ACTIVO","CAMION","1991","63"
"BOGOTA D.C.","PARTICULAR","INCONSISTENTE","CAMIONETA","1991","24"
"BOGOTA D.C.","PARTICULAR","ACTIVO","CAMIONETA","1991","1576"
"BOGOTA D.C.","PÚBLICO","ACTIVO","CAMIONETA","1991","119"
"BOGOTA D.C.","OFICIAL","ACTIVO","CAMIONETA","1991","10"
"BOGOTA D.C.","PÚBLICO","ACTIVO","CAMPERO","1991","3"
"BOGOTA D.C.","PARTICULAR","ACTIVO","CAMPERO","1991","1317"
"BOGOTA D.C.","PARTICULAR","INCONSISTENTE","CAMPERO","1991","12"
"BOGOTA D.C.","OFICIAL","ACTIVO","CAMPERO","1991","17"
"BOGOTA D.C.","PARTICULAR","ACTIVO","CUATRIMOTO","1991","1"
"BOGOTA D.C.","PARTICULAR","ACTIVO","MAQ. AGRICOLA","1991","1"
"BOGOTA D.C.","PARTICULAR","ACTIVO","MAQ. INDUSTRIAL","1991","10"
"BOGOTA D.C.","OFICIAL","ACTIVO","MAQ. INDUSTRIAL","1991","1"
"BOGOTA D.C.","PARTICULAR","ACTIVO","MICROBUS","1991","73"
"BOGOTA D.C.","PÚBLICO","ACTIVO","MICROBUS","1991","109"
"BOGOTA D.C.","PARTICULAR","INCONSISTENTE","MICROBUS","1991","2"
"BOGOTA D.C.","OFICIAL","ACTIVO","MICROBUS","1991","1"
"BOGOTA D.C.","PÚBLICO","INCONSISTENTE","MICROBUS","1991","1"
"BOGOTA D.C.","PARTICULAR","ACTIVO","MOTOCARRO","1991","1"
"BOGOTA D.C.","PARTICULAR","ACTIVO","MOTOCICLETA","1991","385"
"BOGOTA D.C.","OFICIAL","ACTIVO","MOTOCICLETA","1991","83"
"BOGOTA D.C.","PARTICULAR","INCONSISTENTE","MOTOCICLETA","1991","4"
"BOGOTA D.C.","PARTICULAR","ACTIVO","TRACTOCAMION","1991","2"
"BOGOTA D.C.","PÚBLICO","ACTIVO","TRACTOCAMION","1991","5"
"BOGOTA D.C.","PÚBLICO","INCONSISTENTE","TRACTOCAMION","1991","1"
"BOGOTA D.C.","PÚBLICO","ACTIVO","VOLQUETA","1991","3"
"BOGOTA D.C.","PARTICULAR","ACTIVO","VOLQUETA","1991","3"
"BOGOTA D.C.","OFICIAL","ACTIVO","AUTOMOVIL","1992","44"
"BOGOTA D.C.","PARTICULAR","INCONSISTENTE","AUTOMOVIL","1992","62"
"BOGOTA D.C.","PÚBLICO","ACTIVO","AUTOMOVIL","1992","64"
"BOGOTA D.C.","PÚBLICO","INCONSISTENTE","AUTOMOVIL","1992","4"
"BOGOTA D.C.","PARTICULAR","ACTIVO","AUTOMOVIL","1992","10087"
"BOGOTA D.C.","PÚBLICO","INCONSISTENTE","BUS","1992","1"
"BOGOTA D.C.","PARTICULAR","ACTIVO","BUS","1992","14"
"BOGOTA D.C.","PÚBLICO","ACTIVO","BUS","1992","180"
"BOGOTA D.C.","PARTICULAR","ACTIVO","BUSETA","1992","7"
"BOGOTA D.C.","PÚBLICO","ACTIVO","BUSETA","1992","14"
"BOGOTA D.C.","PÚBLICO","INCONSISTENTE","BUSETA","1992","1"
"BOGOTA D.C.","PARTICULAR","ACTIVO","CAMION","1992","74"
"BOGOTA D.C.","PARTICULAR","INCONSISTENTE","CAMION","1992","1"
"BOGOTA D.C.","OFICIAL","ACTIVO","CAMION","1992","3"
"BOGOTA D.C.","PÚBLICO","ACTIVO","CAMION","1992","70"
"BOGOTA D.C.","PARTICULAR","ACTIVO","CAMIONETA","1992","1985"
"BOGOTA D.C.","PÚBLICO","ACTIVO","CAMIONETA","1992","134"
"BOGOTA D.C.","OFICIAL","ACTIVO","CAMIONETA","1992","20"
"BOGOTA D.C.","PARTICULAR","INCONSISTENTE","CAMIONETA","1992","18"
"BOGOTA D.C.","PÚBLICO","ACTIVO","CAMPERO","1992","4"
"BOGOTA D.C.","PARTICULAR","ACTIVO","CAMPERO","1992","1894"
"BOGOTA D.C.","OFICIAL","ACTIVO","CAMPERO","1992","32"
"BOGOTA D.C.","PARTICULAR","INCONSISTENTE","CAMPERO","1992","18"
"BOGOTA D.C.","PARTICULAR","ACTIVO","MAQ. INDUSTRIAL","1992","14"
"BOGOTA D.C.","PARTICULAR","INCONSISTENTE","MICROBUS","1992","3"
"BOGOTA D.C.","OFICIAL","ACTIVO","MICROBUS","1992","1"
"BOGOTA D.C.","PÚBLICO","INCONSISTENTE","MICROBUS","1992","3"
"BOGOTA D.C.","PARTICULAR","ACTIVO","MICROBUS","1992","130"
"BOGOTA D.C.","PÚBLICO","ACTIVO","MICROBUS","1992","250"
"BOGOTA D.C.","PARTICULAR","INCONSISTENTE","MOTOCICLETA","1992","9"
"BOGOTA D.C.","PARTICULAR","ACTIVO","MOTOCICLETA","1992","522"
"BOGOTA D.C.","OFICIAL","ACTIVO","MOTOCICLETA","1992","24"
"BOGOTA D.C.","PARTICULAR","ACTIVO","TRACTOCAMION","1992","1"
"BOGOTA D.C.","OFICIAL","ACTIVO","TRACTOCAMION","1992","1"
"BOGOTA D.C.","PÚBLICO","ACTIVO","TRACTOCAMION","1992","2"
"BOGOTA D.C.","PARTICULAR","ACTIVO","VOLQUETA","1992","5"
"BOGOTA D.C.","PÚBLICO","ACTIVO","VOLQUETA","1992","1"
"BOGOTA D.C.","OTROS","ACTIVO","AUTOMOVIL","1993","1"
"BOGOTA D.C.","PÚBLICO","INCONSISTENTE","AUTOMOVIL","1993","7"
"BOGOTA D.C.","PARTICULAR","INCONSISTENTE","AUTOMOVIL","1993","117"
"BOGOTA D.C.","PÚBLICO","ACTIVO","AUTOMOVIL","1993","139"
"BOGOTA D.C.","OFICIAL","ACTIVO","AUTOMOVIL","1993","51"
"BOGOTA D.C.","PARTICULAR","ACTIVO","AUTOMOVIL","1993","24590"
"BOGOTA D.C.","OFICIAL","ACTIVO","BUS","1993","2"
"BOGOTA D.C.","PÚBLICO","ACTIVO","BUS","1993","249"
"BOGOTA D.C.","PARTICULAR","ACTIVO","BUS","1993","15"
"BOGOTA D.C.","PÚBLICO","INCONSISTENTE","BUSETA","1993","1"
"BOGOTA D.C.","PÚBLICO","ACTIVO","BUSETA","1993","62"
"BOGOTA D.C.","PARTICULAR","ACTIVO","BUSETA","1993","15"
"BOGOTA D.C.","OFICIAL","ACTIVO","BUSETA","1993","3"
"BOGOTA D.C.","PARTICULAR","ACTIVO","CAMION","1993","141"
"BOGOTA D.C.","PARTICULAR","INCONSISTENTE","CAMION","1993","2"
"BOGOTA D.C.","OFICIAL","ACTIVO","CAMION","1993","4"
"BOGOTA D.C.","PÚBLICO","ACTIVO","CAMION","1993","152"
"BOGOTA D.C.","PÚBLICO","INCONSISTENTE","CAMIONETA","1993","3"
"BOGOTA D.C.","OFICIAL","ACTIVO","CAMIONETA","1993","19"
"BOGOTA D.C.","PÚBLICO","ACTIVO","CAMIONETA","1993","393"
"BOGOTA D.C.","PARTICULAR","ACTIVO","CAMIONETA","1993","4916"
"BOGOTA D.C.","PARTICULAR","INCONSISTENTE","CAMIONETA","1993","48"
"BOGOTA D.C.","PÚBLICO","ACTIVO","CAMPERO","1993","5"
"BOGOTA D.C.","PARTICULAR","INCONSISTENTE","CAMPERO","1993","29"
"BOGOTA D.C.","OFICIAL","ACTIVO","CAMPERO","1993","27"
"BOGOTA D.C.","PARTICULAR","ACTIVO","CAMPERO","1993","3867"
"BOGOTA D.C.","OFICIAL","INCONSISTENTE","CAMPERO","1993","1"
"BOGOTA D.C.","PARTICULAR","ACTIVO","MAQ. INDUSTRIAL","1993","28"
"BOGOTA D.C.","PARTICULAR","ACTIVO","MICROBUS","1993","187"
"BOGOTA D.C.","PÚBLICO","INCONSISTENTE","MICROBUS","1993","6"
"BOGOTA D.C.","PÚBLICO","ACTIVO","MICROBUS","1993","424"
"BOGOTA D.C.","OFICIAL","ACTIVO","MICROBUS","1993","2"
"BOGOTA D.C.","PARTICULAR","INCONSISTENTE","MICROBUS","1993","6"
"BOGOTA D.C.","PARTICULAR","ACTIVO","MOTOCARRO","1993","1"
"BOGOTA D.C.","PARTICULAR","INCONSISTENTE","MOTOCICLETA","1993","5"
"BOGOTA D.C.","PARTICULAR","ACTIVO","MOTOCICLETA","1993","735"
"BOGOTA D.C.","OFICIAL","ACTIVO","MOTOCICLETA","1993","26"
"BOGOTA D.C.","PÚBLICO","INCONSISTENTE","TRACTOCAMION","1993","1"
"BOGOTA D.C.","PÚBLICO","ACTIVO","TRACTOCAMION","1993","10"
"BOGOTA D.C.","PARTICULAR","INCONSISTENTE","TRACTOCAMION","1993","1"
"BOGOTA D.C.","PÚBLICO","ACTIVO","VOLQUETA","1993","4"
"BOGOTA D.C.","PARTICULAR","ACTIVO","VOLQUETA","1993","6"
"BOGOTA D.C.","OFICIAL","ACTIVO","AUTOMOVIL","1994","52"
"BOGOTA D.C.","PÚBLICO","ACTIVO","AUTOMOVIL","1994","120"
"BOGOTA D.C.","PARTICULAR","INCONSISTENTE","AUTOMOVIL","1994","125"
"BOGOTA D.C.","OTROS","ACTIVO","AUTOMOVIL","1994","1"
"BOGOTA D.C.","PARTICULAR","ACTIVO","AUTOMOVIL","1994","25607"
"BOGOTA D.C.","PÚBLICO","ACTIVO","BUS","1994","110"
"BOGOTA D.C.","PARTICULAR","ACTIVO","BUS","1994","25"
"BOGOTA D.C.","PÚBLICO","ACTIVO","BUSETA","1994","114"
"BOGOTA D.C.","PARTICULAR","ACTIVO","BUSETA","1994","27"
"BOGOTA D.C.","PARTICULAR","ACTIVO","CAMION","1994","163"
"BOGOTA D.C.","OFICIAL","ACTIVO","CAMION","1994","17"
"BOGOTA D.C.","PARTICULAR","INCONSISTENTE","CAMION","1994","2"
"BOGOTA D.C.","PÚBLICO","ACTIVO","CAMION","1994","206"
"BOGOTA D.C.","PARTICULAR","INCONSISTENTE","CAMIONETA","1994","40"
"BOGOTA D.C.","PÚBLICO","INCONSISTENTE","CAMIONETA","1994","1"
"BOGOTA D.C.","PÚBLICO","ACTIVO","CAMIONETA","1994","456"
"BOGOTA D.C.","PARTICULAR","ACTIVO","CAMIONETA","1994","5034"
"BOGOTA D.C.","OFICIAL","ACTIVO","CAMIONETA","1994","28"
"BOGOTA D.C.","PARTICULAR","INCONSISTENTE","CAMPERO","1994","24"
"BOGOTA D.C.","OFICIAL","ACTIVO","CAMPERO","1994","35"
"BOGOTA D.C.","PARTICULAR","ACTIVO","CAMPERO","1994","4258"
"BOGOTA D.C.","PARTICULAR","ACTIVO","CUATRIMOTO","1994","1"
"BOGOTA D.C.","PARTICULAR","INCONSISTENTE","MAQ. INDUSTRIAL","1994","1"
"BOGOTA D.C.","OFICIAL","ACTIVO","MAQ. INDUSTRIAL","1994","1"
"BOGOTA D.C.","PARTICULAR","ACTIVO","MAQ. INDUSTRIAL","1994","2"
"BOGOTA D.C.","PARTICULAR","ACTIVO","MICROBUS","1994","186"
"BOGOTA D.C.","OFICIAL","ACTIVO","MICROBUS","1994","4"
"BOGOTA D.C.","PÚBLICO","INCONSISTENTE","MICROBUS","1994","5"
"BOGOTA D.C.","PARTICULAR","INCONSISTENTE","MICROBUS","1994","6"
"BOGOTA D.C.","PÚBLICO","ACTIVO","MICROBUS","1994","410"
"BOGOTA D.C.","PARTICULAR","ACTIVO","MOTOCARRO","1994","5"
"BOGOTA D.C.","PARTICULAR","INCONSISTENTE","MOTOCICLETA","1994","6"
"BOGOTA D.C.","OFICIAL","INCONSISTENTE","MOTOCICLETA","1994","2"
"BOGOTA D.C.","OFICIAL","ACTIVO","MOTOCICLETA","1994","23"
"BOGOTA D.C.","PARTICULAR","ACTIVO","MOTOCICLETA","1994","734"
"BOGOTA D.C.","NO REGISTRA","ACTIVO","SEMIREMOLQUE","1994","1"
"BOGOTA D.C.","PÚBLICO","ACTIVO","TRACTOCAMION","1994","6"
"BOGOTA D.C.","PARTICULAR","ACTIVO","TRACTOCAMION","1994","4"
"BOGOTA D.C.","PÚBLICO","ACTIVO","VOLQUETA","1994","11"
"BOGOTA D.C.","OFICIAL","ACTIVO","VOLQUETA","1994","1"
"BOGOTA D.C.","PARTICULAR","ACTIVO","VOLQUETA","1994","23"
"BOGOTA D.C.","PARTICULAR","ACTIVO","AUTOMOVIL","1995","18352"
"BOGOTA D.C.","PARTICULAR","INCONSISTENTE","AUTOMOVIL","1995","47"
"BOGOTA D.C.","PÚBLICO","ACTIVO","AUTOMOVIL","1995","218"
"BOGOTA D.C.","OFICIAL","ACTIVO","AUTOMOVIL","1995","55"
"BOGOTA D.C.","PÚBLICO","ACTIVO","BUS","1995","42"
"BOGOTA D.C.","PARTICULAR","ACTIVO","BUS","1995","20"
"BOGOTA D.C.","OFICIAL","ACTIVO","BUS","1995","2"
"BOGOTA D.C.","PÚBLICO","ACTIVO","BUSETA","1995","99"
"BOGOTA D.C.","OFICIAL","ACTIVO","BUSETA","1995","4"
"BOGOTA D.C.","PARTICULAR","INCONSISTENTE","BUSETA","1995","1"
"BOGOTA D.C.","PARTICULAR","ACTIVO","BUSETA","1995","11"
"BOGOTA D.C.","PÚBLICO","INCONSISTENTE","CAMION","1995","2"
"BOGOTA D.C.","OFICIAL","ACTIVO","CAMION","1995","25"
"BOGOTA D.C.","PARTICULAR","ACTIVO","CAMION","1995","125"
"BOGOTA D.C.","PARTICULAR","INCONSISTENTE","CAMION","1995","2"
"BOGOTA D.C.","PÚBLICO","ACTIVO","CAMION","1995","97"
"BOGOTA D.C.","OFICIAL","ACTIVO","CAMIONETA","1995","46"
"BOGOTA D.C.","OFICIAL","INCONSISTENTE","CAMIONETA","1995","1"
"BOGOTA D.C.","PARTICULAR","ACTIVO","CAMIONETA","1995","3904"
"BOGOTA D.C.","PÚBLICO","ACTIVO","CAMIONETA","1995","400"
"BOGOTA D.C.","PARTICULAR","INCONSISTENTE","CAMIONETA","1995","18"
"BOGOTA D.C.","OFICIAL","ACTIVO","CAMPERO","1995","33"
"BOGOTA D.C.","PARTICULAR","INCONSISTENTE","CAMPERO","1995","20"
"BOGOTA D.C.","PARTICULAR","ACTIVO","CAMPERO","1995","3186"
"BOGOTA D.C.","PÚBLICO","ACTIVO","CAMPERO","1995","3"
"BOGOTA D.C.","PARTICULAR","ACTIVO","MAQ. INDUSTRIAL","1995","2"
"BOGOTA D.C.","PARTICULAR","INCONSISTENTE","MICROBUS","1995","6"
"BOGOTA D.C.","PÚBLICO","ACTIVO","MICROBUS","1995","546"
"BOGOTA D.C.","PARTICULAR","ACTIVO","MICROBUS","1995","216"
"BOGOTA D.C.","PÚBLICO","INCONSISTENTE","MICROBUS","1995","1"
"BOGOTA D.C.","PARTICULAR","ACTIVO","MOTOCARRO","1995","6"
"BOGOTA D.C.","OFICIAL","ACTIVO","MOTOCICLETA","1995","40"
"BOGOTA D.C.","PARTICULAR","INCONSISTENTE","MOTOCICLETA","1995","9"
"BOGOTA D.C.","PARTICULAR","ACTIVO","MOTOCICLETA","1995","628"
"BOGOTA D.C.","OFICIAL","INCONSISTENTE","MOTOCICLETA","1995","6"
"BOGOTA D.C.","OTROS","ACTIVO","TRACTOCAMION","1995","1"
"BOGOTA D.C.","PARTICULAR","ACTIVO","TRACTOCAMION","1995","1"
"BOGOTA D.C.","PÚBLICO","ACTIVO","TRACTOCAMION","1995","9"
"BOGOTA D.C.","OFICIAL","ACTIVO","VOLQUETA","1995","3"
"BOGOTA D.C.","OTROS","ACTIVO","VOLQUETA","1995","1"
"BOGOTA D.C.","PÚBLICO","ACTIVO","VOLQUETA","1995","10"
"BOGOTA D.C.","PARTICULAR","ACTIVO","VOLQUETA","1995","9"
"BOGOTA D.C.","PARTICULAR","ACTIVO","AUTOMOVIL","1996","22494"
"BOGOTA D.C.","OFICIAL","ACTIVO","AUTOMOVIL","1996","54"
"BOGOTA D.C.","PÚBLICO","ACTIVO","AUTOMOVIL","1996","184"
"BOGOTA D.C.","PARTICULAR","INCONSISTENTE","AUTOMOVIL","1996","54"
"BOGOTA D.C.","OFICIAL","ACTIVO","BUS","1996","18"
"BOGOTA D.C.","PÚBLICO","ACTIVO","BUS","1996","35"
"BOGOTA D.C.","PARTICULAR","ACTIVO","BUS","1996","25"
"BOGOTA D.C.","PÚBLICO","ACTIVO","BUSETA","1996","41"
"BOGOTA D.C.","PARTICULAR","ACTIVO","BUSETA","1996","10"
"BOGOTA D.C.","PÚBLICO","INCONSISTENTE","BUSETA","1996","1"
"BOGOTA D.C.","PARTICULAR","INCONSISTENTE","BUSETA","1996","1"
"BOGOTA D.C.","OFICIAL","ACTIVO","BUSETA","1996","5"
"BOGOTA D.C.","PARTICULAR","ACTIVO","CAMION","1996","105"
"BOGOTA D.C.","PÚBLICO","ACTIVO","CAMION","1996","104"
"BOGOTA D.C.","OFICIAL","ACTIVO","CAMION","1996","43"
"BOGOTA D.C.","PÚBLICO","INCONSISTENTE","CAMIONETA","1996","1"
"BOGOTA D.C.","PARTICULAR","ACTIVO","CAMIONETA","1996","5089"
"BOGOTA D.C.","OTROS","ACTIVO","CAMIONETA","1996","1"
"BOGOTA D.C.","PARTICULAR","INCONSISTENTE","CAMIONETA","1996","16"
"BOGOTA D.C.","PÚBLICO","ACTIVO","CAMIONETA","1996","484"
"BOGOTA D.C.","OFICIAL","ACTIVO","CAMIONETA","1996","71"
"BOGOTA D.C.","OFICIAL","ACTIVO","CAMPERO","1996","52"
"BOGOTA D.C.","PÚBLICO","ACTIVO","CAMPERO","1996","3"
"BOGOTA D.C.","PARTICULAR","INCONSISTENTE","CAMPERO","1996","14"
"BOGOTA D.C.","PARTICULAR","ACTIVO","CAMPERO","1996","4344"
"BOGOTA D.C.","OFICIAL","ACTIVO","MAQ. INDUSTRIAL","1996","1"
"BOGOTA D.C.","PARTICULAR","ACTIVO","MAQ. INDUSTRIAL","1996","7"
"BOGOTA D.C.","PÚBLICO","ACTIVO","MAQ. INDUSTRIAL","1996","1"
"BOGOTA D.C.","PÚBLICO","ACTIVO","MICROBUS","1996","153"
"BOGOTA D.C.","PARTICULAR","ACTIVO","MICROBUS","1996","80"
"BOGOTA D.C.","OFICIAL","ACTIVO","MICROBUS","1996","3"
"BOGOTA D.C.","PARTICULAR","INCONSISTENTE","MICROBUS","1996","1"
"BOGOTA D.C.","PARTICULAR","ACTIVO","MOTOCARRO","1996","12"
"BOGOTA D.C.","PARTICULAR","INCONSISTENTE","MOTOCICLETA","1996","11"
"BOGOTA D.C.","OFICIAL","ACTIVO","MOTOCICLETA","1996","32"
"BOGOTA D.C.","PARTICULAR","ACTIVO","MOTOCICLETA","1996","613"
"BOGOTA D.C.","PÚBLICO","ACTIVO","TRACTOCAMION","1996","1"
"BOGOTA D.C.","PARTICULAR","ACTIVO","TRACTOCAMION","1996","2"
"BOGOTA D.C.","OFICIAL","ACTIVO","VOLQUETA","1996","10"
"BOGOTA D.C.","PARTICULAR","ACTIVO","VOLQUETA","1996","25"
"BOGOTA D.C.","PÚBLICO","ACTIVO","VOLQUETA","1996","5"
"BOGOTA D.C.","PÚBLICO","INCONSISTENTE","AUTOMOVIL","1997","1"
"BOGOTA D.C.","PARTICULAR","ACTIVO","AUTOMOVIL","1997","25692"
"BOGOTA D.C.","PARTICULAR","INCONSISTENTE","AUTOMOVIL","1997","56"
"BOGOTA D.C.","OTROS","ACTIVO","AUTOMOVIL","1997","1"
"BOGOTA D.C.","OFICIAL","ACTIVO","AUTOMOVIL","1997","25"
"BOGOTA D.C.","PÚBLICO","ACTIVO","AUTOMOVIL","1997","312"
"BOGOTA D.C.","PARTICULAR","ACTIVO","BUS","1997","27"
"BOGOTA D.C.","PÚBLICO","ACTIVO","BUS","1997","20"
"BOGOTA D.C.","PARTICULAR","ACTIVO","BUSETA","1997","9"
"BOGOTA D.C.","OFICIAL","ACTIVO","BUSETA","1997","5"
"BOGOTA D.C.","PÚBLICO","ACTIVO","BUSETA","1997","33"
"BOGOTA D.C.","OFICIAL","ACTIVO","CAMION","1997","17"
"BOGOTA D.C.","PÚBLICO","INCONSISTENTE","CAMION","1997","2"
"BOGOTA D.C.","PARTICULAR","ACTIVO","CAMION","1997","113"
"BOGOTA D.C.","PÚBLICO","ACTIVO","CAMION","1997","74"
"BOGOTA D.C.","OFICIAL","ACTIVO","CAMIONETA","1997","50"
"BOGOTA D.C.","PARTICULAR","INCONSISTENTE","CAMIONETA","1997","17"
"BOGOTA D.C.","PÚBLICO","ACTIVO","CAMIONETA","1997","434"
"BOGOTA D.C.","PARTICULAR","ACTIVO","CAMIONETA","1997","6543"
"BOGOTA D.C.","PÚBLICO","ACTIVO","CAMPERO","1997","6"
"BOGOTA D.C.","OFICIAL","ACTIVO","CAMPERO","1997","50"
"BOGOTA D.C.","PARTICULAR","ACTIVO","CAMPERO","1997","5252"
"BOGOTA D.C.","PARTICULAR","INCONSISTENTE","CAMPERO","1997","11"
"BOGOTA D.C.","PARTICULAR","ACTIVO","MAQ. INDUSTRIAL","1997","1"
"BOGOTA D.C.","PÚBLICO","ACTIVO","MICROBUS","1997","441"
"BOGOTA D.C.","PARTICULAR","ACTIVO","MICROBUS","1997","167"
"BOGOTA D.C.","OFICIAL","ACTIVO","MICROBUS","1997","3"
"BOGOTA D.C.","PÚBLICO","INCONSISTENTE","MICROBUS","1997","2"
"BOGOTA D.C.","PARTICULAR","INCONSISTENTE","MICROBUS","1997","2"
"BOGOTA D.C.","PARTICULAR","ACTIVO","MOTOCARRO","1997","5"
"BOGOTA D.C.","OFICIAL","ACTIVO","MOTOCICLETA","1997","7"
"BOGOTA D.C.","PARTICULAR","INCONSISTENTE","MOTOCICLETA","1997","7"
"BOGOTA D.C.","PARTICULAR","ACTIVO","MOTOCICLETA","1997","404"
"BOGOTA D.C.","NO REGISTRA","ACTIVO","SEMIREMOLQUE","1997","1"
"BOGOTA D.C.","PARTICULAR","ACTIVO","TRACTOCAMION","1997","2"
"BOGOTA D.C.","PÚBLICO","ACTIVO","VOLQUETA","1997","4"
"BOGOTA D.C.","PARTICULAR","ACTIVO","VOLQUETA","1997","9"
"BOGOTA D.C.","PARTICULAR","ACTIVO","AUTOMOVIL","1998","16043"
"BOGOTA D.C.","PÚBLICO","ACTIVO","AUTOMOVIL","1998","300"
"BOGOTA D.C.","OFICIAL","ACTIVO","AUTOMOVIL","1998","28"
"BOGOTA D.C.","PARTICULAR","INCONSISTENTE","AUTOMOVIL","1998","25"
"BOGOTA D.C.","PARTICULAR","ACTIVO","BUS","1998","19"
"BOGOTA D.C.","OFICIAL","ACTIVO","BUS","1998","8"
"BOGOTA D.C.","PÚBLICO","ACTIVO","BUS","1998","15"
"BOGOTA D.C.","PÚBLICO","ACTIVO","BUSETA","1998","38"
"BOGOTA D.C.","OFICIAL","ACTIVO","BUSETA","1998","4"
"BOGOTA D.C.","PARTICULAR","ACTIVO","BUSETA","1998","7"
"BOGOTA D.C.","PARTICULAR","INCONSISTENTE","CAMION","1998","2"
"BOGOTA D.C.","PÚBLICO","ACTIVO","CAMION","1998","41"
"BOGOTA D.C.","OFICIAL","ACTIVO","CAMION","1998","39"
"BOGOTA D.C.","PARTICULAR","ACTIVO","CAMION","1998","218"
"BOGOTA D.C.","PARTICULAR","INCONSISTENTE","CAMIONETA","1998","10"
"BOGOTA D.C.","OFICIAL","ACTIVO","CAMIONETA","1998","67"
"BOGOTA D.C.","PÚBLICO","ACTIVO","CAMIONETA","1998","326"
"BOGOTA D.C.","PÚBLICO","INCONSISTENTE","CAMIONETA","1998","1"
"BOGOTA D.C.","PARTICULAR","ACTIVO","CAMIONETA","1998","4531"
"BOGOTA D.C.","PARTICULAR","INCONSISTENTE","CAMPERO","1998","8"
"BOGOTA D.C.","OFICIAL","ACTIVO","CAMPERO","1998","27"
"BOGOTA D.C.","PARTICULAR","ACTIVO","CAMPERO","1998","4065"
"BOGOTA D.C.","PARTICULAR","ACTIVO","MAQ. INDUSTRIAL","1998","4"
"BOGOTA D.C.","PARTICULAR","INCONSISTENTE","MICROBUS","1998","1"
"BOGOTA D.C.","OFICIAL","ACTIVO","MICROBUS","1998","1"
"BOGOTA D.C.","PÚBLICO","ACTIVO","MICROBUS","1998","224"
"BOGOTA D.C.","PARTICULAR","ACTIVO","MICROBUS","1998","134"
"BOGOTA D.C.","PARTICULAR","ACTIVO","MOTOCARRO","1998","3"
"BOGOTA D.C.","OFICIAL","ACTIVO","MOTOCARRO","1998","1"
"BOGOTA D.C.","OFICIAL","ACTIVO","MOTOCICLETA","1998","47"
"BOGOTA D.C.","OFICIAL","INCONSISTENTE","MOTOCICLETA","1998","1"
"BOGOTA D.C.","PARTICULAR","ACTIVO","MOTOCICLETA","1998","557"
"BOGOTA D.C.","PARTICULAR","INCONSISTENTE","MOTOCICLETA","1998","3"
"BOGOTA D.C.","PARTICULAR","ACTIVO","TRACTOCAMION","1998","11"
"BOGOTA D.C.","PÚBLICO","ACTIVO","TRACTOCAMION","1998","3"
"BOGOTA D.C.","PARTICULAR","ACTIVO","TRICIMOTO","1998","1"
"BOGOTA D.C.","OFICIAL","ACTIVO","VOLQUETA","1998","3"
"BOGOTA D.C.","PARTICULAR","ACTIVO","VOLQUETA","1998","10"
"BOGOTA D.C.","PÚBLICO","ACTIVO","VOLQUETA","1998","1"
"BOGOTA D.C.","PARTICULAR","INCONSISTENTE","AUTOMOVIL","1999","21"
"BOGOTA D.C.","OFICIAL","ACTIVO","AUTOMOVIL","1999","13"
"BOGOTA D.C.","PÚBLICO","ACTIVO","AUTOMOVIL","1999","355"
"BOGOTA D.C.","OTROS","ACTIVO","AUTOMOVIL","1999","1"
"BOGOTA D.C.","PARTICULAR","ACTIVO","AUTOMOVIL","1999","9164"
"BOGOTA D.C.","PÚBLICO","ACTIVO","BUS","1999","18"
"BOGOTA D.C.","PARTICULAR","ACTIVO","BUS","1999","43"
"BOGOTA D.C.","OFICIAL","ACTIVO","BUS","1999","13"
"BOGOTA D.C.","OFICIAL","ACTIVO","BUSETA","1999","1"
"BOGOTA D.C.","PÚBLICO","ACTIVO","BUSETA","1999","19"
"BOGOTA D.C.","PARTICULAR","ACTIVO","BUSETA","1999","9"
"BOGOTA D.C.","PÚBLICO","ACTIVO","CAMION","1999","14"
"BOGOTA D.C.","PARTICULAR","ACTIVO","CAMION","1999","76"
"BOGOTA D.C.","OFICIAL","ACTIVO","CAMION","1999","23"
"BOGOTA D.C.","OFICIAL","ACTIVO","CAMIONETA","1999","76"
"BOGOTA D.C.","PÚBLICO","ACTIVO","CAMIONETA","1999","128"
"BOGOTA D.C.","PARTICULAR","ACTIVO","CAMIONETA","1999","1835"
"BOGOTA D.C.","PARTICULAR","INCONSISTENTE","CAMIONETA","1999","2"
"BOGOTA D.C.","PARTICULAR","INCONSISTENTE","CAMPERO","1999","3"
"BOGOTA D.C.","PÚBLICO","ACTIVO","CAMPERO","1999","1"
"BOGOTA D.C.","PARTICULAR","ACTIVO","CAMPERO","1999","2144"
"BOGOTA D.C.","OFICIAL","ACTIVO","CAMPERO","1999","38"
"BOGOTA D.C.","PARTICULAR","ACTIVO","CICLOMOTOR","1999","1"
"BOGOTA D.C.","PARTICULAR","ACTIVO","MAQ. INDUSTRIAL","1999","2"
"BOGOTA D.C.","PARTICULAR","ACTIVO","MICROBUS","1999","76"
"BOGOTA D.C.","PARTICULAR","INCONSISTENTE","MICROBUS","1999","1"
"BOGOTA D.C.","PÚBLICO","ACTIVO","MICROBUS","1999","62"
"BOGOTA D.C.","OFICIAL","ACTIVO","MICROBUS","1999","3"
"BOGOTA D.C.","PARTICULAR","ACTIVO","MOTOCARRO","1999","2"
"BOGOTA D.C.","PARTICULAR","INCONSISTENTE","MOTOCICLETA","1999","1"
"BOGOTA D.C.","OFICIAL","ACTIVO","MOTOCICLETA","1999","12"
"BOGOTA D.C.","PARTICULAR","ACTIVO","MOTOCICLETA","1999","381"
"BOGOTA D.C.","NO REGISTRA","ACTIVO","SEMIREMOLQUE","1999","1"
"BOGOTA D.C.","PARTICULAR","ACTIVO","TRACTOCAMION","1999","5"
"BOGOTA D.C.","PARTICULAR","ACTIVO","VOLQUETA","1999","8"
"BOGOTA D.C.","OTROS","ACTIVO","VOLQUETA","1999","1"
"BOGOTA D.C.","OFICIAL","ACTIVO","AUTOMOVIL","2000","15"
"BOGOTA D.C.","PÚBLICO","ACTIVO","AUTOMOVIL","2000","417"
"BOGOTA D.C.","PARTICULAR","INCONSISTENTE","AUTOMOVIL","2000","5"
"BOGOTA D.C.","PARTICULAR","ACTIVO","AUTOMOVIL","2000","8324"
"BOGOTA D.C.","PÚBLICO","ACTIVO","BUS","2000","29"
"BOGOTA D.C.","PARTICULAR","ACTIVO","BUS","2000","24"
"BOGOTA D.C.","OFICIAL","ACTIVO","BUS","2000","11"
"BOGOTA D.C.","PÚBLICO","ACTIVO","BUSETA","2000","20"
"BOGOTA D.C.","PARTICULAR","ACTIVO","BUSETA","2000","9"
"BOGOTA D.C.","OFICIAL","ACTIVO","BUSETA","2000","2"
"BOGOTA D.C.","PARTICULAR","ACTIVO","CAMION","2000","91"
"BOGOTA D.C.","OFICIAL","ACTIVO","CAMION","2000","17"
"BOGOTA D.C.","PÚBLICO","ACTIVO","CAMION","2000","48"
"BOGOTA D.C.","PARTICULAR","INCONSISTENTE","CAMIONETA","2000","3"
"BOGOTA D.C.","OFICIAL","ACTIVO","CAMIONETA","2000","25"
"BOGOTA D.C.","PARTICULAR","ACTIVO","CAMIONETA","2000","1481"
"BOGOTA D.C.","PÚBLICO","ACTIVO","CAMIONETA","2000","114"
"BOGOTA D.C.","PARTICULAR","ACTIVO","CAMPERO","2000","1684"
"BOGOTA D.C.","OFICIAL","INCONSISTENTE","CAMPERO","2000","1"
"BOGOTA D.C.","PARTICULAR","INCONSISTENTE","CAMPERO","2000","1"
"BOGOTA D.C.","OFICIAL","ACTIVO","CAMPERO","2000","31"
"BOGOTA D.C.","PARTICULAR","ACTIVO","MAQ. INDUSTRIAL","2000","1"
"BOGOTA D.C.","PÚBLICO","ACTIVO","MICROBUS","2000","56"
"BOGOTA D.C.","PARTICULAR","INCONSISTENTE","MICROBUS","2000","3"
"BOGOTA D.C.","PARTICULAR","ACTIVO","MICROBUS","2000","48"
"BOGOTA D.C.","OFICIAL","ACTIVO","MICROBUS","2000","6"
"BOGOTA D.C.","PARTICULAR","ACTIVO","MOTOCARRO","2000","1"
"BOGOTA D.C.","OFICIAL","ACTIVO","MOTOCICLETA","2000","10"
"BOGOTA D.C.","PARTICULAR","ACTIVO","MOTOCICLETA","2000","403"
"BOGOTA D.C.","PARTICULAR","ACTIVO","TRACTOCAMION","2000","7"
"BOGOTA D.C.","OTROS","ACTIVO","VOLQUETA","2000","2"
"BOGOTA D.C.","PARTICULAR","ACTIVO","VOLQUETA","2000","8"
"BOGOTA D.C.","OFICIAL","ACTIVO","AUTOMOVIL","2001","29"
"BOGOTA D.C.","PARTICULAR","ACTIVO","AUTOMOVIL","2001","11701"
"BOGOTA D.C.","PARTICULAR","INCONSISTENTE","AUTOMOVIL","2001","7"
"BOGOTA D.C.","PÚBLICO","ACTIVO","AUTOMOVIL","2001","427"
"BOGOTA D.C.","PARTICULAR","ACTIVO","BUS","2001","7"
"BOGOTA D.C.","PÚBLICO","ACTIVO","BUS","2001","47"
"BOGOTA D.C.","PÚBLICO","ACTIVO","BUSETA","2001","15"
"BOGOTA D.C.","PARTICULAR","ACTIVO","BUSETA","2001","6"
"BOGOTA D.C.","OFICIAL","ACTIVO","BUSETA","2001","1"
"BOGOTA D.C.","PÚBLICO","INCONSISTENTE","BUSETA","2001","1"
"BOGOTA D.C.","OFICIAL","ACTIVO","CAMION","2001","26"
"BOGOTA D.C.","PARTICULAR","ACTIVO","CAMION","2001","46"
"BOGOTA D.C.","PÚBLICO","ACTIVO","CAMION","2001","29"
"BOGOTA D.C.","OFICIAL","ACTIVO","CAMIONETA","2001","63"
"BOGOTA D.C.","PARTICULAR","ACTIVO","CAMIONETA","2001","1246"
"BOGOTA D.C.","PARTICULAR","INCONSISTENTE","CAMIONETA","2001","3"
"BOGOTA D.C.","PÚBLICO","ACTIVO","CAMIONETA","2001","142"
"BOGOTA D.C.","PARTICULAR","INCONSISTENTE","CAMPERO","2001","1"
"BOGOTA D.C.","PARTICULAR","ACTIVO","CAMPERO","2001","1545"
"BOGOTA D.C.","OFICIAL","ACTIVO","CAMPERO","2001","22"
"BOGOTA D.C.","PARTICULAR","ACTIVO","CUATRIMOTO","2001","1"
"BOGOTA D.C.","PARTICULAR","ACTIVO","MAQ. INDUSTRIAL","2001","2"
"BOGOTA D.C.","PARTICULAR","INCONSISTENTE","MAQ. INDUSTRIAL","2001","2"
"BOGOTA D.C.","PARTICULAR","ACTIVO","MICROBUS","2001","36"
"BOGOTA D.C.","PÚBLICO","ACTIVO","MICROBUS","2001","91"
"BOGOTA D.C.","PARTICULAR","ACTIVO","MOTOCARRO","2001","7"
"BOGOTA D.C.","OFICIAL","ACTIVO","MOTOCICLETA","2001","25"
"BOGOTA D.C.","PARTICULAR","ACTIVO","MOTOCICLETA","2001","322"
"BOGOTA D.C.","PARTICULAR","INCONSISTENTE","MOTOCICLETA","2001","2"
"BOGOTA D.C.","PARTICULAR","ACTIVO","TRACTOCAMION","2001","2"
"BOGOTA D.C.","PÚBLICO","ACTIVO","VOLQUETA","2001","2"
"BOGOTA D.C.","PARTICULAR","ACTIVO","VOLQUETA","2001","7"
"BOGOTA D.C.","PARTICULAR","ACTIVO","AUTOMOVIL","2002","20785"
"BOGOTA D.C.","OFICIAL","ACTIVO","AUTOMOVIL","2002","62"
"BOGOTA D.C.","PÚBLICO","ACTIVO","AUTOMOVIL","2002","947"
"BOGOTA D.C.","PARTICULAR","INCONSISTENTE","AUTOMOVIL","2002","11"
"BOGOTA D.C.","PÚBLICO","ACTIVO","BUS","2002","51"
"BOGOTA D.C.","PARTICULAR","ACTIVO","BUS","2002","13"
"BOGOTA D.C.","OFICIAL","ACTIVO","BUS","2002","17"
"BOGOTA D.C.","OFICIAL","ACTIVO","BUSETA","2002","11"
"BOGOTA D.C.","PÚBLICO","ACTIVO","BUSETA","2002","14"
"BOGOTA D.C.","PARTICULAR","ACTIVO","BUSETA","2002","12"
"BOGOTA D.C.","PÚBLICO","ACTIVO","CAMION","2002","60"
"BOGOTA D.C.","OFICIAL","ACTIVO","CAMION","2002","43"
"BOGOTA D.C.","PARTICULAR","ACTIVO","CAMION","2002","31"
"BOGOTA D.C.","OTROS","ACTIVO","CAMION","2002","2"
"BOGOTA D.C.","PARTICULAR","INCONSISTENTE","CAMION","2002","1"
"BOGOTA D.C.","PARTICULAR","ACTIVO","CAMIONETA","2002","1646"
"BOGOTA D.C.","PÚBLICO","ACTIVO","CAMIONETA","2002","201"
"BOGOTA D.C.","PARTICULAR","INCONSISTENTE","CAMIONETA","2002","3"
"BOGOTA D.C.","OFICIAL","ACTIVO","CAMIONETA","2002","140"
"BOGOTA D.C.","OFICIAL","INCONSISTENTE","CAMIONETA","2002","1"
"BOGOTA D.C.","PARTICULAR","INCONSISTENTE","CAMPERO","2002","1"
"BOGOTA D.C.","PARTICULAR","ACTIVO","CAMPERO","2002","2856"
"BOGOTA D.C.","OFICIAL","ACTIVO","CAMPERO","2002","56"
"BOGOTA D.C.","PARTICULAR","ACTIVO","MAQ. INDUSTRIAL","2002","3"
"BOGOTA D.C.","OFICIAL","ACTIVO","MICROBUS","2002","8"
"BOGOTA D.C.","PÚBLICO","ACTIVO","MICROBUS","2002","149"
"BOGOTA D.C.","PARTICULAR","ACTIVO","MICROBUS","2002","45"
"BOGOTA D.C.","PARTICULAR","INCONSISTENTE","MOTOCICLETA","2002","4"
"BOGOTA D.C.","PARTICULAR","ACTIVO","MOTOCICLETA","2002","814"
"BOGOTA D.C.","OFICIAL","ACTIVO","MOTOCICLETA","2002","93"
"BOGOTA D.C.","NO REGISTRA","ACTIVO","SEMIREMOLQUE","2002","1"
"BOGOTA D.C.","PARTICULAR","ACTIVO","TRACTOCAMION","2002","5"
"BOGOTA D.C.","PÚBLICO","ACTIVO","TRACTOCAMION","2002","3"
"BOGOTA D.C.","PARTICULAR","ACTIVO","VOLQUETA","2002","3"
"BOGOTA D.C.","OFICIAL","ACTIVO","AUTOMOVIL","2003","44"
"BOGOTA D.C.","PÚBLICO","ACTIVO","AUTOMOVIL","2003","866"
"BOGOTA D.C.","PARTICULAR","INCONSISTENTE","AUTOMOVIL","2003","6"
"BOGOTA D.C.","PARTICULAR","ACTIVO","AUTOMOVIL","2003","21829"
"BOGOTA D.C.","OFICIAL","ACTIVO","BUS","2003","6"
"BOGOTA D.C.","PARTICULAR","ACTIVO","BUS","2003","23"
"BOGOTA D.C.","PÚBLICO","ACTIVO","BUS","2003","39"
"BOGOTA D.C.","PARTICULAR","ACTIVO","BUSETA","2003","3"
"BOGOTA D.C.","PÚBLICO","ACTIVO","BUSETA","2003","14"
"BOGOTA D.C.","PÚBLICO","ACTIVO","CAMION","2003","163"
"BOGOTA D.C.","PARTICULAR","ACTIVO","CAMION","2003","45"
"BOGOTA D.C.","OFICIAL","ACTIVO","CAMION","2003","198"
"BOGOTA D.C.","OTROS","ACTIVO","CAMION","2003","1"
"BOGOTA D.C.","OFICIAL","ACTIVO","CAMIONETA","2003","88"
"BOGOTA D.C.","PARTICULAR","ACTIVO","CAMIONETA","2003","1909"
"BOGOTA D.C.","PÚBLICO","ACTIVO","CAMIONETA","2003","349"
"BOGOTA D.C.","PARTICULAR","INCONSISTENTE","CAMIONETA","2003","2"
"BOGOTA D.C.","OFICIAL","ACTIVO","CAMPERO","2003","44"
"BOGOTA D.C.","PARTICULAR","INCONSISTENTE","CAMPERO","2003","2"
"BOGOTA D.C.","PARTICULAR","ACTIVO","CAMPERO","2003","3912"
"BOGOTA D.C.","OFICIAL","ACTIVO","MAQ. INDUSTRIAL","2003","1"
"BOGOTA D.C.","PARTICULAR","ACTIVO","MAQ. INDUSTRIAL","2003","3"
"BOGOTA D.C.","PÚBLICO","ACTIVO","MICROBUS","2003","89"
"BOGOTA D.C.","OFICIAL","ACTIVO","MICROBUS","2003","6"
"BOGOTA D.C.","PARTICULAR","ACTIVO","MICROBUS","2003","41"
"BOGOTA D.C.","PARTICULAR","ACTIVO","MOTOCARRO","2003","1"
"BOGOTA D.C.","PARTICULAR","ACTIVO","MOTOCICLETA","2003","1280"
"BOGOTA D.C.","OFICIAL","ACTIVO","MOTOCICLETA","2003","209"
"BOGOTA D.C.","PARTICULAR","ACTIVO","MOTOTRICICLO","2003","1"
"BOGOTA D.C.","PÚBLICO","ACTIVO","TRACTOCAMION","2003","3"
"BOGOTA D.C.","PARTICULAR","ACTIVO","TRACTOCAMION","2003","4"
"BOGOTA D.C.","OFICIAL","ACTIVO","VOLQUETA","2003","6"
"BOGOTA D.C.","PARTICULAR","ACTIVO","VOLQUETA","2003","3"
"BOGOTA D.C.","PÚBLICO","ACTIVO","VOLQUETA","2003","14"
"BOGOTA D.C.","PÚBLICO","ACTIVO","AUTOMOVIL","2004","1254"
"BOGOTA D.C.","OFICIAL","ACTIVO","AUTOMOVIL","2004","95"
"BOGOTA D.C.","PARTICULAR","INCONSISTENTE","AUTOMOVIL","2004","4"
"BOGOTA D.C.","PARTICULAR","ACTIVO","AUTOMOVIL","2004","27815"
"BOGOTA D.C.","PARTICULAR","ACTIVO","BUS","2004","48"
"BOGOTA D.C.","OFICIAL","ACTIVO","BUS","2004","5"
"BOGOTA D.C.","PÚBLICO","ACTIVO","BUS","2004","41"
"BOGOTA D.C.","PARTICULAR","ACTIVO","BUSETA","2004","4"
"BOGOTA D.C.","OFICIAL","ACTIVO","BUSETA","2004","1"
"BOGOTA D.C.","PÚBLICO","ACTIVO","BUSETA","2004","15"
"BOGOTA D.C.","PARTICULAR","ACTIVO","CAMION","2004","102"
"BOGOTA D.C.","OFICIAL","ACTIVO","CAMION","2004","217"
"BOGOTA D.C.","PARTICULAR","INCONSISTENTE","CAMION","2004","1"
"BOGOTA D.C.","PÚBLICO","ACTIVO","CAMION","2004","588"
"BOGOTA D.C.","PARTICULAR","ACTIVO","CAMIONETA","2004","2530"
"BOGOTA D.C.","PÚBLICO","ACTIVO","CAMIONETA","2004","1351"
"BOGOTA D.C.","OFICIAL","ACTIVO","CAMIONETA","2004","636"
"BOGOTA D.C.","OTROS","ACTIVO","CAMPERO","2004","1"
"BOGOTA D.C.","OFICIAL","ACTIVO","CAMPERO","2004","52"
"BOGOTA D.C.","PARTICULAR","INCONSISTENTE","CAMPERO","2004","1"
"BOGOTA D.C.","PARTICULAR","ACTIVO","CAMPERO","2004","5596"
"BOGOTA D.C.","PÚBLICO","ACTIVO","CAMPERO","2004","13"
"BOGOTA D.C.","PARTICULAR","ACTIVO","CUATRIMOTO","2004","3"
"BOGOTA D.C.","PARTICULAR","ACTIVO","MAQ. AGRICOLA","2004","3"
"BOGOTA D.C.","PARTICULAR","ACTIVO","MAQ. INDUSTRIAL","2004","4"
"BOGOTA D.C.","PÚBLICO","ACTIVO","MICROBUS","2004","77"
"BOGOTA D.C.","OFICIAL","ACTIVO","MICROBUS","2004","3"
"BOGOTA D.C.","PARTICULAR","ACTIVO","MICROBUS","2004","38"
"BOGOTA D.C.","PARTICULAR","ACTIVO","MOTOCARRO","2004","4"
"BOGOTA D.C.","OFICIAL","ACTIVO","MOTOCARRO","2004","2"
"BOGOTA D.C.","PARTICULAR","INCONSISTENTE","MOTOCICLETA","2004","12"
"BOGOTA D.C.","PARTICULAR","ACTIVO","MOTOCICLETA","2004","2241"
"BOGOTA D.C.","OFICIAL","ACTIVO","MOTOCICLETA","2004","854"
"BOGOTA D.C.","PARTICULAR","ACTIVO","MOTOTRICICLO","2004","1"
"BOGOTA D.C.","PARTICULAR","ACTIVO","TRACTOCAMION","2004","5"
"BOGOTA D.C.","PÚBLICO","ACTIVO","VOLQUETA","2004","8"
"BOGOTA D.C.","OFICIAL","ACTIVO","VOLQUETA","2004","1"
"BOGOTA D.C.","PARTICULAR","ACTIVO","VOLQUETA","2004","8"
"BOGOTA D.C.","OTROS","ACTIVO","VOLQUETA","2004","1"
"BOGOTA D.C.","PARTICULAR","INCONSISTENTE","AUTOMOVIL","2005","11"
"BOGOTA D.C.","PÚBLICO","ACTIVO","AUTOMOVIL","2005","2037"
"BOGOTA D.C.","PARTICULAR","ACTIVO","AUTOMOVIL","2005","36838"
"BOGOTA D.C.","OFICIAL","ACTIVO","AUTOMOVIL","2005","99"
"BOGOTA D.C.","PÚBLICO","ACTIVO","BUS","2005","31"
"BOGOTA D.C.","OFICIAL","ACTIVO","BUS","2005","5"
"BOGOTA D.C.","PARTICULAR","ACTIVO","BUS","2005","28"
"BOGOTA D.C.","OFICIAL","ACTIVO","BUSETA","2005","18"
"BOGOTA D.C.","PARTICULAR","ACTIVO","BUSETA","2005","6"
"BOGOTA D.C.","PÚBLICO","ACTIVO","BUSETA","2005","6"
"BOGOTA D.C.","PARTICULAR","ACTIVO","CAMION","2005","207"
"BOGOTA D.C.","PARTICULAR","INCONSISTENTE","CAMION","2005","1"
"BOGOTA D.C.","PÚBLICO","ACTIVO","CAMION","2005","275"
"BOGOTA D.C.","OFICIAL","ACTIVO","CAMION","2005","12"
"BOGOTA D.C.","OFICIAL","ACTIVO","CAMIONETA","2005","143"
"BOGOTA D.C.","PARTICULAR","INCONSISTENTE","CAMIONETA","2005","5"
"BOGOTA D.C.","OTROS","ACTIVO","CAMIONETA","2005","1"
"BOGOTA D.C.","PARTICULAR","ACTIVO","CAMIONETA","2005","3970"
"BOGOTA D.C.","PÚBLICO","ACTIVO","CAMIONETA","2005","649"
"BOGOTA D.C.","PARTICULAR","INCONSISTENTE","CAMPERO","2005","4"
"BOGOTA D.C.","OFICIAL","ACTIVO","CAMPERO","2005","85"
"BOGOTA D.C.","PARTICULAR","ACTIVO","CAMPERO","2005","7281"
"BOGOTA D.C.","PARTICULAR","ACTIVO","CUATRIMOTO","2005","3"
"BOGOTA D.C.","PARTICULAR","ACTIVO","MAQ. AGRICOLA","2005","1"
"BOGOTA D.C.","PÚBLICO","ACTIVO","MAQ. INDUSTRIAL","2005","1"
"BOGOTA D.C.","PARTICULAR","ACTIVO","MAQ. INDUSTRIAL","2005","5"
"BOGOTA D.C.","PARTICULAR","ACTIVO","MICROBUS","2005","61"
"BOGOTA D.C.","OFICIAL","ACTIVO","MICROBUS","2005","6"
"BOGOTA D.C.","PÚBLICO","ACTIVO","MICROBUS","2005","38"
"BOGOTA D.C.","PARTICULAR","ACTIVO","MOTOCARRO","2005","6"
"BOGOTA D.C.","PARTICULAR","ACTIVO","MOTOCICLETA","2005","12422"
"BOGOTA D.C.","OFICIAL","ACTIVO","MOTOCICLETA","2005","760"
"BOGOTA D.C.","PARTICULAR","INCONSISTENTE","MOTOCICLETA","2005","32"
"BOGOTA D.C.","PARTICULAR","ACTIVO","MOTOTRICICLO","2005","4"
"BOGOTA D.C.","NO REGISTRA","ACTIVO","SEMIREMOLQUE","2005","1"
"BOGOTA D.C.","PARTICULAR","ACTIVO","TRACTOCAMION","2005","17"
"BOGOTA D.C.","PÚBLICO","ACTIVO","TRACTOCAMION","2005","13"
"BOGOTA D.C.","PÚBLICO","ACTIVO","VOLQUETA","2005","2"
"BOGOTA D.C.","PARTICULAR","ACTIVO","VOLQUETA","2005","14"
"BOGOTA D.C.","OFICIAL","ACTIVO","VOLQUETA","2005","11"
"BOGOTA D.C.","PARTICULAR","INCONSISTENTE","AUTOMOVIL","2006","6"
"BOGOTA D.C.","OFICIAL","ACTIVO","AUTOMOVIL","2006","180"
"BOGOTA D.C.","PARTICULAR","ACTIVO","AUTOMOVIL","2006","45463"
"BOGOTA D.C.","PÚBLICO","ACTIVO","AUTOMOVIL","2006","1893"
"BOGOTA D.C.","OFICIAL","ACTIVO","BUS","2006","13"
"BOGOTA D.C.","PÚBLICO","ACTIVO","BUS","2006","37"
"BOGOTA D.C.","PARTICULAR","ACTIVO","BUS","2006","37"
"BOGOTA D.C.","PARTICULAR","ACTIVO","BUSETA","2006","5"
"BOGOTA D.C.","PÚBLICO","ACTIVO","BUSETA","2006","27"
"BOGOTA D.C.","OFICIAL","ACTIVO","BUSETA","2006","20"
"BOGOTA D.C.","PARTICULAR","ACTIVO","CAMION","2006","167"
"BOGOTA D.C.","PÚBLICO","ACTIVO","CAMION","2006","439"
"BOGOTA D.C.","OFICIAL","ACTIVO","CAMION","2006","117"
"BOGOTA D.C.","PARTICULAR","ACTIVO","CAMIONETA","2006","6065"
"BOGOTA D.C.","PÚBLICO","ACTIVO","CAMIONETA","2006","785"
"BOGOTA D.C.","OFICIAL","ACTIVO","CAMIONETA","2006","641"
"BOGOTA D.C.","PARTICULAR","INCONSISTENTE","CAMIONETA","2006","3"
"BOGOTA D.C.","PARTICULAR","INCONSISTENTE","CAMPERO","2006","2"
"BOGOTA D.C.","PARTICULAR","ACTIVO","CAMPERO","2006","11466"
"BOGOTA D.C.","OFICIAL","ACTIVO","CAMPERO","2006","159"
"BOGOTA D.C.","PARTICULAR","ACTIVO","CUATRIMOTO","2006","15"
"BOGOTA D.C.","PARTICULAR","ACTIVO","MAQ. AGRICOLA","2006","8"
"BOGOTA D.C.","PARTICULAR","ACTIVO","MAQ. INDUSTRIAL","2006","56"
"BOGOTA D.C.","PARTICULAR","ACTIVO","MICROBUS","2006","118"
"BOGOTA D.C.","PÚBLICO","ACTIVO","MICROBUS","2006","49"
"BOGOTA D.C.","OFICIAL","ACTIVO","MICROBUS","2006","10"
"BOGOTA D.C.","PARTICULAR","ACTIVO","MOTOCARRO","2006","32"
"BOGOTA D.C.","PARTICULAR","ACTIVO","MOTOCICLETA","2006","32054"
"BOGOTA D.C.","OFICIAL","ACTIVO","MOTOCICLETA","2006","808"
"BOGOTA D.C.","PARTICULAR","INCONSISTENTE","MOTOCICLETA","2006","39"
"BOGOTA D.C.","PARTICULAR","ACTIVO","MOTOTRICICLO","2006","5"
"BOGOTA D.C.","NO REGISTRA","ACTIVO","SEMIREMOLQUE","2006","3"
"BOGOTA D.C.","PARTICULAR","ACTIVO","TRACTOCAMION","2006","11"
"BOGOTA D.C.","PÚBLICO","ACTIVO","TRACTOCAMION","2006","15"
"BOGOTA D.C.","PARTICULAR","ACTIVO","VOLQUETA","2006","23"
"BOGOTA D.C.","PÚBLICO","ACTIVO","VOLQUETA","2006","6"
"BOGOTA D.C.","OFICIAL","ACTIVO","VOLQUETA","2006","2"
"BOGOTA D.C.","OFICIAL","ACTIVO","AUTOMOVIL","2007","294"
"BOGOTA D.C.","PÚBLICO","ACTIVO","AUTOMOVIL","2007","2081"
"BOGOTA D.C.","PARTICULAR","ACTIVO","AUTOMOVIL","2007","56041"
"BOGOTA D.C.","OFICIAL","ACTIVO","BUS","2007","17"
"BOGOTA D.C.","PARTICULAR","ACTIVO","BUS","2007","38"
"BOGOTA D.C.","PÚBLICO","ACTIVO","BUS","2007","36"
"BOGOTA D.C.","PARTICULAR","ACTIVO","BUSETA","2007","22"
"BOGOTA D.C.","OFICIAL","ACTIVO","BUSETA","2007","24"
"BOGOTA D.C.","OFICIAL","ACTIVO","CAMION","2007","112"
"BOGOTA D.C.","PÚBLICO","ACTIVO","CAMION","2007","349"
"BOGOTA D.C.","PARTICULAR","ACTIVO","CAMION","2007","159"
"BOGOTA D.C.","PARTICULAR","INCONSISTENTE","CAMION","2007","1"
"BOGOTA D.C.","OFICIAL","ACTIVO","CAMIONETA","2007","432"
"BOGOTA D.C.","PARTICULAR","ACTIVO","CAMIONETA","2007","8706"
"BOGOTA D.C.","PÚBLICO","ACTIVO","CAMIONETA","2007","1082"
"BOGOTA D.C.","PÚBLICO","ACTIVO","CAMPERO","2007","13"
"BOGOTA D.C.","PARTICULAR","ACTIVO","CAMPERO","2007","14145"
"BOGOTA D.C.","OFICIAL","INCONSISTENTE","CAMPERO","2007","1"
"BOGOTA D.C.","OFICIAL","ACTIVO","CAMPERO","2007","351"
"BOGOTA D.C.","PARTICULAR","ACTIVO","CICLOMOTOR","2007","1"
"BOGOTA D.C.","OFICIAL","ACTIVO","CUATRIMOTO","2007","1"
"BOGOTA D.C.","PARTICULAR","ACTIVO","CUATRIMOTO","2007","57"
"BOGOTA D.C.","PARTICULAR","ACTIVO","MAQ. AGRICOLA","2007","1"
"BOGOTA D.C.","PARTICULAR","ACTIVO","MAQ. INDUSTRIAL","2007","18"
"BOGOTA D.C.","PÚBLICO","ACTIVO","MICROBUS","2007","66"
"BOGOTA D.C.","PARTICULAR","ACTIVO","MICROBUS","2007","133"
"BOGOTA D.C.","OFICIAL","ACTIVO","MICROBUS","2007","18"
"BOGOTA D.C.","PARTICULAR","ACTIVO","MOTOCARRO","2007","50"
"BOGOTA D.C.","PARTICULAR","ACTIVO","MOTOCICLETA","2007","30802"
"BOGOTA D.C.","PARTICULAR","INCONSISTENTE","MOTOCICLETA","2007","12"
"BOGOTA D.C.","OFICIAL","ACTIVO","MOTOCICLETA","2007","915"
"BOGOTA D.C.","OTROS","ACTIVO","MOTOCICLETA","2007","2"
"BOGOTA D.C.","PARTICULAR","ACTIVO","MOTOTRICICLO","2007","21"
"BOGOTA D.C.","NO REGISTRA","ACTIVO","SEMIREMOLQUE","2007","4"
"BOGOTA D.C.","PÚBLICO","ACTIVO","TRACTOCAMION","2007","17"
"BOGOTA D.C.","PARTICULAR","ACTIVO","TRACTOCAMION","2007","10"
"BOGOTA D.C.","OFICIAL","ACTIVO","TRACTOCAMION","2007","3"
"BOGOTA D.C.","PÚBLICO","ACTIVO","VOLQUETA","2007","11"
"BOGOTA D.C.","OFICIAL","ACTIVO","VOLQUETA","2007","2"
"BOGOTA D.C.","PARTICULAR","ACTIVO","VOLQUETA","2007","9"
"BOGOTA D.C.","PÚBLICO","ACTIVO","AUTOMOVIL","2008","1858"
"BOGOTA D.C.","OFICIAL","ACTIVO","AUTOMOVIL","2008","211"
"BOGOTA D.C.","PARTICULAR","ACTIVO","AUTOMOVIL","2008","53139"
"BOGOTA D.C.","PARTICULAR","ACTIVO","BUS","2008","33"
"BOGOTA D.C.","OFICIAL","ACTIVO","BUS","2008","23"
"BOGOTA D.C.","PÚBLICO","ACTIVO","BUS","2008","84"
"BOGOTA D.C.","PARTICULAR","ACTIVO","BUSETA","2008","9"
"BOGOTA D.C.","OFICIAL","ACTIVO","BUSETA","2008","1"
"BOGOTA D.C.","PÚBLICO","ACTIVO","BUSETA","2008","15"
"BOGOTA D.C.","PÚBLICO","ACTIVO","CAMION","2008","429"
"BOGOTA D.C.","PARTICULAR","ACTIVO","CAMION","2008","101"
"BOGOTA D.C.","OFICIAL","ACTIVO","CAMION","2008","35"
"BOGOTA D.C.","PÚBLICO","ACTIVO","CAMIONETA","2008","773"
"BOGOTA D.C.","PARTICULAR","ACTIVO","CAMIONETA","2008","8517"
"BOGOTA D.C.","OFICIAL","ACTIVO","CAMIONETA","2008","651"
"BOGOTA D.C.","OFICIAL","ACTIVO","CAMPERO","2008","161"
"BOGOTA D.C.","PÚBLICO","ACTIVO","CAMPERO","2008","12"
"BOGOTA D.C.","PARTICULAR","INCONSISTENTE","CAMPERO","2008","1"
"BOGOTA D.C.","PARTICULAR","ACTIVO","CAMPERO","2008","13136"
"BOGOTA D.C.","PARTICULAR","ACTIVO","CUATRIMOTO","2008","117"
"BOGOTA D.C.","PARTICULAR","ACTIVO","MAQ. AGRICOLA","2008","4"
"BOGOTA D.C.","OFICIAL","ACTIVO","MAQ. AGRICOLA","2008","2"
"BOGOTA D.C.","PARTICULAR","ACTIVO","MAQ. INDUSTRIAL","2008","26"
"BOGOTA D.C.","PÚBLICO","ACTIVO","MICROBUS","2008","52"
"BOGOTA D.C.","OFICIAL","ACTIVO","MICROBUS","2008","36"
"BOGOTA D.C.","PARTICULAR","ACTIVO","MICROBUS","2008","67"
"BOGOTA D.C.","PARTICULAR","ACTIVO","MOTOCARRO","2008","77"
"BOGOTA D.C.","OFICIAL","ACTIVO","MOTOCARRO","2008","1"
"BOGOTA D.C.","PARTICULAR","ACTIVO","MOTOCICLETA","2008","27021"
"BOGOTA D.C.","OFICIAL","ACTIVO","MOTOCICLETA","2008","904"
"BOGOTA D.C.","PARTICULAR","INCONSISTENTE","MOTOCICLETA","2008","5"
"BOGOTA D.C.","OTROS","ACTIVO","MOTOCICLETA","2008","1"
"BOGOTA D.C.","PARTICULAR","ACTIVO","MOTOTRICICLO","2008","4"
"BOGOTA D.C.","NO REGISTRA","ACTIVO","SEMIREMOLQUE","2008","2"
"BOGOTA D.C.","PÚBLICO","ACTIVO","TRACTOCAMION","2008","9"
"BOGOTA D.C.","PARTICULAR","ACTIVO","TRACTOCAMION","2008","14"
"BOGOTA D.C.","PARTICULAR","ACTIVO","VOLQUETA","2008","4"
"BOGOTA D.C.","PÚBLICO","ACTIVO","VOLQUETA","2008","13"
"BOGOTA D.C.","OFICIAL","ACTIVO","VOLQUETA","2008","9"
"BOGOTA D.C.","OFICIAL","ACTIVO","AUTOMOVIL","2009","465"
"BOGOTA D.C.","PÚBLICO","ACTIVO","AUTOMOVIL","2009","2775"
"BOGOTA D.C.","PARTICULAR","ACTIVO","AUTOMOVIL","2009","43186"
"BOGOTA D.C.","PARTICULAR","ACTIVO","BUS","2009","17"
"BOGOTA D.C.","OFICIAL","ACTIVO","BUS","2009","13"
"BOGOTA D.C.","PÚBLICO","ACTIVO","BUS","2009","109"
"BOGOTA D.C.","PARTICULAR","ACTIVO","BUSETA","2009","4"
"BOGOTA D.C.","OFICIAL","ACTIVO","BUSETA","2009","12"
"BOGOTA D.C.","PÚBLICO","ACTIVO","BUSETA","2009","79"
"BOGOTA D.C.","PÚBLICO","ACTIVO","CAMION","2009","332"
"BOGOTA D.C.","OFICIAL","ACTIVO","CAMION","2009","308"
"BOGOTA D.C.","PARTICULAR","ACTIVO","CAMION","2009","86"
"BOGOTA D.C.","PARTICULAR","ACTIVO","CAMIONETA","2009","8184"
"BOGOTA D.C.","PARTICULAR","INCONSISTENTE","CAMIONETA","2009","2"
"BOGOTA D.C.","OFICIAL","ACTIVO","CAMIONETA","2009","1853"
"BOGOTA D.C.","PÚBLICO","ACTIVO","CAMIONETA","2009","640"
"BOGOTA D.C.","PARTICULAR","ACTIVO","CAMPERO","2009","9187"
"BOGOTA D.C.","PÚBLICO","ACTIVO","CAMPERO","2009","13"
"BOGOTA D.C.","OFICIAL","ACTIVO","CAMPERO","2009","350"
"BOGOTA D.C.","OFICIAL","ACTIVO","CUATRIMOTO","2009","1"
"BOGOTA D.C.","PARTICULAR","ACTIVO","CUATRIMOTO","2009","168"
"BOGOTA D.C.","PARTICULAR","ACTIVO","MAQ. AGRICOLA","2009","1"
"BOGOTA D.C.","PARTICULAR","ACTIVO","MAQ. INDUSTRIAL","2009","14"
"BOGOTA D.C.","OFICIAL","ACTIVO","MICROBUS","2009","57"
"BOGOTA D.C.","PÚBLICO","ACTIVO","MICROBUS","2009","61"
"BOGOTA D.C.","PARTICULAR","ACTIVO","MICROBUS","2009","59"
"BOGOTA D.C.","OFICIAL","ACTIVO","MOTOCARRO","2009","8"
"BOGOTA D.C.","PARTICULAR","ACTIVO","MOTOCARRO","2009","116"
"BOGOTA D.C.","PARTICULAR","INCONSISTENTE","MOTOCICLETA","2009","6"
"BOGOTA D.C.","PARTICULAR","ACTIVO","MOTOCICLETA","2009","22335"
"BOGOTA D.C.","OFICIAL","ACTIVO","MOTOCICLETA","2009","2319"
"BOGOTA D.C.","NO REGISTRA","ACTIVO","SEMIREMOLQUE","2009","1"
"BOGOTA D.C.","OFICIAL","ACTIVO","TRACTOCAMION","2009","2"
"BOGOTA D.C.","PARTICULAR","ACTIVO","TRACTOCAMION","2009","12"
"BOGOTA D.C.","PÚBLICO","ACTIVO","TRACTOCAMION","2009","14"
"BOGOTA D.C.","OFICIAL","ACTIVO","VOLQUETA","2009","2"
"BOGOTA D.C.","PÚBLICO","ACTIVO","VOLQUETA","2009","7"
"BOGOTA D.C.","PÚBLICO","ACTIVO","AUTOMOVIL","2010","3301"
"BOGOTA D.C.","OFICIAL","ACTIVO","AUTOMOVIL","2010","233"
"BOGOTA D.C.","PARTICULAR","ACTIVO","AUTOMOVIL","2010","60600"
"BOGOTA D.C.","PÚBLICO","ACTIVO","BUS","2010","280"
"BOGOTA D.C.","PARTICULAR","ACTIVO","BUS","2010","35"
"BOGOTA D.C.","OFICIAL","ACTIVO","BUS","2010","16"
"BOGOTA D.C.","OFICIAL","ACTIVO","BUSETA","2010","69"
"BOGOTA D.C.","PARTICULAR","ACTIVO","BUSETA","2010","9"
"BOGOTA D.C.","PÚBLICO","ACTIVO","BUSETA","2010","10"
"BOGOTA D.C.","PÚBLICO","ACTIVO","CAMION","2010","863"
"BOGOTA D.C.","PARTICULAR","ACTIVO","CAMION","2010","93"
"BOGOTA D.C.","OFICIAL","ACTIVO","CAMION","2010","345"
"BOGOTA D.C.","PARTICULAR","ACTIVO","CAMIONETA","2010","14772"
"BOGOTA D.C.","PÚBLICO","ACTIVO","CAMIONETA","2010","1107"
"BOGOTA D.C.","OFICIAL","ACTIVO","CAMIONETA","2010","1448"
"BOGOTA D.C.","PÚBLICO","ACTIVO","CAMPERO","2010","10"
"BOGOTA D.C.","PARTICULAR","ACTIVO","CAMPERO","2010","13424"
"BOGOTA D.C.","OFICIAL","ACTIVO","CAMPERO","2010","324"
"BOGOTA D.C.","OFICIAL","ACTIVO","CUATRIMOTO","2010","3"
"BOGOTA D.C.","PARTICULAR","ACTIVO","CUATRIMOTO","2010","278"
"BOGOTA D.C.","PARTICULAR","ACTIVO","MAQ. INDUSTRIAL","2010","1"
"BOGOTA D.C.","PÚBLICO","ACTIVO","MICROBUS","2010","68"
"BOGOTA D.C.","OFICIAL","ACTIVO","MICROBUS","2010","38"
"BOGOTA D.C.","PARTICULAR","ACTIVO","MICROBUS","2010","92"
"BOGOTA D.C.","OFICIAL","ACTIVO","MOTOCARRO","2010","2"
"BOGOTA D.C.","PARTICULAR","ACTIVO","MOTOCARRO","2010","144"
"BOGOTA D.C.","OFICIAL","ACTIVO","MOTOCICLETA","2010","3704"
"BOGOTA D.C.","PARTICULAR","ACTIVO","MOTOCICLETA","2010","39771"
"BOGOTA D.C.","PARTICULAR","ACTIVO","MOTOTRICICLO","2010","2"
"BOGOTA D.C.","OFICIAL","ACTIVO","MOTOTRICICLO","2010","2"
"BOGOTA D.C.","NO REGISTRA","ACTIVO","SEMIREMOLQUE","2010","2"
"BOGOTA D.C.","OFICIAL","ACTIVO","TRACTOCAMION","2010","2"
"BOGOTA D.C.","PARTICULAR","ACTIVO","TRACTOCAMION","2010","11"
"BOGOTA D.C.","PÚBLICO","ACTIVO","TRACTOCAMION","2010","8"
"BOGOTA D.C.","OFICIAL","ACTIVO","VOLQUETA","2010","49"
"BOGOTA D.C.","PÚBLICO","ACTIVO","VOLQUETA","2010","19"
"BOGOTA D.C.","PARTICULAR","ACTIVO","VOLQUETA","2010","7"
"BOGOTA D.C.","PÚBLICO","ACTIVO","AUTOMOVIL","2011","3367"
"BOGOTA D.C.","OFICIAL","ACTIVO","AUTOMOVIL","2011","347"
"BOGOTA D.C.","PARTICULAR","ACTIVO","AUTOMOVIL","2011","78597"
"BOGOTA D.C.","PARTICULAR","ACTIVO","BUS","2011","46"
"BOGOTA D.C.","OFICIAL","ACTIVO","BUS","2011","33"
"BOGOTA D.C.","PÚBLICO","ACTIVO","BUS","2011","42"
"BOGOTA D.C.","OFICIAL","ACTIVO","BUSETA","2011","10"
"BOGOTA D.C.","PARTICULAR","ACTIVO","BUSETA","2011","11"
"BOGOTA D.C.","OFICIAL","ACTIVO","CAMION","2011","46"
"BOGOTA D.C.","PÚBLICO","ACTIVO","CAMION","2011","303"
"BOGOTA D.C.","PARTICULAR","ACTIVO","CAMION","2011","109"
"BOGOTA D.C.","PARTICULAR","ACTIVO","CAMIONETA","2011","16420"
"BOGOTA D.C.","PÚBLICO","ACTIVO","CAMIONETA","2011","1957"
"BOGOTA D.C.","OFICIAL","ACTIVO","CAMIONETA","2011","1202"
"BOGOTA D.C.","PÚBLICO","ACTIVO","CAMPERO","2011","9"
"BOGOTA D.C.","OFICIAL","ACTIVO","CAMPERO","2011","172"
"BOGOTA D.C.","PARTICULAR","ACTIVO","CAMPERO","2011","13813"
"BOGOTA D.C.","OFICIAL","ACTIVO","CUATRIMOTO","2011","7"
"BOGOTA D.C.","PARTICULAR","ACTIVO","CUATRIMOTO","2011","369"
"BOGOTA D.C.","PARTICULAR","ACTIVO","MICROBUS","2011","62"
"BOGOTA D.C.","PÚBLICO","ACTIVO","MICROBUS","2011","83"
"BOGOTA D.C.","OFICIAL","ACTIVO","MICROBUS","2011","31"
"BOGOTA D.C.","OFICIAL","ACTIVO","MOTOCARRO","2011","12"
"BOGOTA D.C.","PARTICULAR","ACTIVO","MOTOCARRO","2011","245"
"BOGOTA D.C.","PARTICULAR","ACTIVO","MOTOCICLETA","2011","60823"
"BOGOTA D.C.","OFICIAL","ACTIVO","MOTOCICLETA","2011","2134"
"BOGOTA D.C.","PARTICULAR","ACTIVO","MOTOTRICICLO","2011","2"
"BOGOTA D.C.","NO REGISTRA","ACTIVO","SEMIREMOLQUE","2011","1"
"BOGOTA D.C.","PÚBLICO","ACTIVO","TRACTOCAMION","2011","32"
"BOGOTA D.C.","PARTICULAR","ACTIVO","TRACTOCAMION","2011","17"
"BOGOTA D.C.","OFICIAL","ACTIVO","TRACTOCAMION","2011","2"
"BOGOTA D.C.","OFICIAL","ACTIVO","VOLQUETA","2011","18"
"BOGOTA D.C.","PARTICULAR","ACTIVO","VOLQUETA","2011","11"
"BOGOTA D.C.","PÚBLICO","ACTIVO","VOLQUETA","2011","39"
"BOGOTA D.C.","PARTICULAR","ACTIVO","AUTOMOVIL","2012","68539"
"BOGOTA D.C.","PÚBLICO","ACTIVO","AUTOMOVIL","2012","3018"
"BOGOTA D.C.","OFICIAL","ACTIVO","AUTOMOVIL","2012","413"
"BOGOTA D.C.","OFICIAL","ACTIVO","BUS","2012","40"
"BOGOTA D.C.","PARTICULAR","ACTIVO","BUS","2012","36"
"BOGOTA D.C.","PÚBLICO","ACTIVO","BUS","2012","156"
"BOGOTA D.C.","PÚBLICO","ACTIVO","BUSETA","2012","5"
"BOGOTA D.C.","PARTICULAR","ACTIVO","BUSETA","2012","9"
"BOGOTA D.C.","OFICIAL","ACTIVO","BUSETA","2012","25"
"BOGOTA D.C.","PÚBLICO","ACTIVO","CAMION","2012","466"
"BOGOTA D.C.","OFICIAL","ACTIVO","CAMION","2012","123"
"BOGOTA D.C.","PARTICULAR","ACTIVO","CAMION","2012","119"
"BOGOTA D.C.","PÚBLICO","ACTIVO","CAMIONETA","2012","1634"
"BOGOTA D.C.","OFICIAL","ACTIVO","CAMIONETA","2012","836"
"BOGOTA D.C.","PARTICULAR","ACTIVO","CAMIONETA","2012","19749"
"BOGOTA D.C.","PARTICULAR","ACTIVO","CAMPERO","2012","14270"
"BOGOTA D.C.","PÚBLICO","ACTIVO","CAMPERO","2012","11"
"BOGOTA D.C.","OFICIAL","ACTIVO","CAMPERO","2012","376"
"BOGOTA D.C.","PARTICULAR","ACTIVO","CUATRIMOTO","2012","345"
"BOGOTA D.C.","OFICIAL","ACTIVO","CUATRIMOTO","2012","4"
"BOGOTA D.C.","PÚBLICO","ACTIVO","MICROBUS","2012","81"
"BOGOTA D.C.","PARTICULAR","ACTIVO","MICROBUS","2012","56"
"BOGOTA D.C.","OFICIAL","ACTIVO","MICROBUS","2012","46"
"BOGOTA D.C.","PARTICULAR","ACTIVO","MOTOCARRO","2012","184"
"BOGOTA D.C.","OFICIAL","ACTIVO","MOTOCICLETA","2012","1864"
"BOGOTA D.C.","PARTICULAR","ACTIVO","MOTOCICLETA","2012","56480"
"BOGOTA D.C.","PARTICULAR","ACTIVO","MOTOTRICICLO","2012","2"
"BOGOTA D.C.","NO REGISTRA","ACTIVO","SEMIREMOLQUE","2012","8"
"BOGOTA D.C.","PÚBLICO","ACTIVO","TRACTOCAMION","2012","52"
"BOGOTA D.C.","PARTICULAR","ACTIVO","TRACTOCAMION","2012","12"
"BOGOTA D.C.","OFICIAL","ACTIVO","TRACTOCAMION","2012","1"
"BOGOTA D.C.","OTROS","ACTIVO","TRACTOCAMION","2012","1"
"BOGOTA D.C.","PARTICULAR","ACTIVO","VOLQUETA","2012","4"
"BOGOTA D.C.","PÚBLICO","ACTIVO","VOLQUETA","2012","30"
"BOGOTA D.C.","OFICIAL","ACTIVO","VOLQUETA","2012","84"
"BOGOTA D.C.","OFICIAL","ACTIVO","AUTOMOVIL","2013","278"
"BOGOTA D.C.","PÚBLICO","ACTIVO","AUTOMOVIL","2013","3222"
"BOGOTA D.C.","PARTICULAR","ACTIVO","AUTOMOVIL","2013","60946"
"BOGOTA D.C.","PÚBLICO","ACTIVO","BUS","2013","1520"
"BOGOTA D.C.","PARTICULAR","ACTIVO","BUS","2013","24"
"BOGOTA D.C.","OFICIAL","ACTIVO","BUS","2013","45"
"BOGOTA D.C.","PARTICULAR","ACTIVO","BUSETA","2013","17"
"BOGOTA D.C.","OFICIAL","ACTIVO","BUSETA","2013","167"
"BOGOTA D.C.","PÚBLICO","ACTIVO","BUSETA","2013","7"
"BOGOTA D.C.","OFICIAL","ACTIVO","CAMION","2013","174"
"BOGOTA D.C.","PARTICULAR","ACTIVO","CAMION","2013","204"
"BOGOTA D.C.","PÚBLICO","ACTIVO","CAMION","2013","142"
"BOGOTA D.C.","PÚBLICO","ACTIVO","CAMIONETA","2013","2270"
"BOGOTA D.C.","PARTICULAR","ACTIVO","CAMIONETA","2013","25682"
"BOGOTA D.C.","OFICIAL","ACTIVO","CAMIONETA","2013","915"
"BOGOTA D.C.","OFICIAL","ACTIVO","CAMPERO","2013","465"
"BOGOTA D.C.","PARTICULAR","ACTIVO","CAMPERO","2013","12735"
"BOGOTA D.C.","PÚBLICO","ACTIVO","CAMPERO","2013","22"
"BOGOTA D.C.","PARTICULAR","ACTIVO","CUATRIMOTO","2013","343"
"BOGOTA D.C.","OFICIAL","ACTIVO","CUATRIMOTO","2013","10"
"BOGOTA D.C.","PÚBLICO","ACTIVO","MICROBUS","2013","90"
"BOGOTA D.C.","OFICIAL","ACTIVO","MICROBUS","2013","41"
"BOGOTA D.C.","PARTICULAR","ACTIVO","MICROBUS","2013","54"
"BOGOTA D.C.","PARTICULAR","ACTIVO","MOTOCARRO","2013","162"
"BOGOTA D.C.","PARTICULAR","ACTIVO","MOTOCICLETA","2013","50099"
"BOGOTA D.C.","OFICIAL","ACTIVO","MOTOCICLETA","2013","2291"
"BOGOTA D.C.","PARTICULAR","ACTIVO","MOTOTRICICLO","2013","1"
"BOGOTA D.C.","NO REGISTRA","ACTIVO","SEMIREMOLQUE","2013","2"
"BOGOTA D.C.","OFICIAL","ACTIVO","TRACTOCAMION","2013","9"
"BOGOTA D.C.","PARTICULAR","ACTIVO","TRACTOCAMION","2013","8"
"BOGOTA D.C.","PÚBLICO","ACTIVO","TRACTOCAMION","2013","2"
"BOGOTA D.C.","PARTICULAR","ACTIVO","VOLQUETA","2013","22"
"BOGOTA D.C.","OFICIAL","ACTIVO","VOLQUETA","2013","43"
"BOGOTA D.C.","PÚBLICO","ACTIVO","VOLQUETA","2013","15"
"BOGOTA D.C.","OFICIAL","ACTIVO","AUTOMOVIL","2014","574"
"BOGOTA D.C.","PARTICULAR","ACTIVO","AUTOMOVIL","2014","62946"
"BOGOTA D.C.","PÚBLICO","ACTIVO","AUTOMOVIL","2014","3704"
"BOGOTA D.C.","OFICIAL","ACTIVO","BUS","2014","41"
"BOGOTA D.C.","PÚBLICO","ACTIVO","BUS","2014","2531"
"BOGOTA D.C.","PARTICULAR","ACTIVO","BUS","2014","32"
"BOGOTA D.C.","PÚBLICO","ACTIVO","BUSETA","2014","2"
"BOGOTA D.C.","PARTICULAR","ACTIVO","BUSETA","2014","7"
"BOGOTA D.C.","OFICIAL","ACTIVO","BUSETA","2014","29"
"BOGOTA D.C.","OFICIAL","ACTIVO","CAMION","2014","127"
"BOGOTA D.C.","PÚBLICO","ACTIVO","CAMION","2014","186"
"BOGOTA D.C.","PARTICULAR","ACTIVO","CAMION","2014","92"
"BOGOTA D.C.","OFICIAL","ACTIVO","CAMION CARGA EXTENSA","2014","1"
"BOGOTA D.C.","PÚBLICO","ACTIVO","CAMIONETA","2014","1987"
"BOGOTA D.C.","PARTICULAR","ACTIVO","CAMIONETA","2014","29953"
"BOGOTA D.C.","OFICIAL","ACTIVO","CAMIONETA","2014","853"
"BOGOTA D.C.","PARTICULAR","ACTIVO","CAMPERO","2014","12802"
"BOGOTA D.C.","PÚBLICO","ACTIVO","CAMPERO","2014","98"
"BOGOTA D.C.","OFICIAL","ACTIVO","CAMPERO","2014","1144"
"BOGOTA D.C.","NO REGISTRA","ACTIVO","CARRETILLA ELEVADORA","2014","1"
"BOGOTA D.C.","PARTICULAR","ACTIVO","CUATRIMOTO","2014","128"
"BOGOTA D.C.","NO REGISTRA","ACTIVO","EXCAVADORA","2014","12"
"BOGOTA D.C.","PARTICULAR","ACTIVO","MICROBUS","2014","42"
"BOGOTA D.C.","OFICIAL","ACTIVO","MICROBUS","2014","120"
"BOGOTA D.C.","PÚBLICO","ACTIVO","MICROBUS","2014","83"
"BOGOTA D.C.","NO REGISTRA","ACTIVO","MINICARGADOR","2014","8"
"BOGOTA D.C.","NO REGISTRA","ACTIVO","MONTACARGAS","2014","4"
"BOGOTA D.C.","PARTICULAR","ACTIVO","MOTOCARRO","2014","129"
"BOGOTA D.C.","OFICIAL","ACTIVO","MOTOCICLETA","2014","4934"
"BOGOTA D.C.","PARTICULAR","ACTIVO","MOTOCICLETA","2014","38436"
"BOGOTA D.C.","PARTICULAR","ACTIVO","MOTOTRICICLO","2014","12"
"BOGOTA D.C.","NO REGISTRA","ACTIVO","REMOLQUE","2014","7"
"BOGOTA D.C.","NO REGISTRA","ACTIVO","RETROEXCAVADORA","2014","4"
"BOGOTA D.C.","NO REGISTRA","ACTIVO","SEMIREMOLQUE","2014","71"
"BOGOTA D.C.","PARTICULAR","ACTIVO","SIN CLASE","2014","2"
"BOGOTA D.C.","PÚBLICO","ACTIVO","TRACTOCAMION","2014","6"
"BOGOTA D.C.","OFICIAL","ACTIVO","TRACTOCAMION","2014","3"
"BOGOTA D.C.","PARTICULAR","ACTIVO","TRACTOCAMION","2014","4"
"BOGOTA D.C.","NO REGISTRA","ACTIVO","TRACTOR","2014","3"
"BOGOTA D.C.","NO REGISTRA","ACTIVO","TRITURADORA","2014","1"
"BOGOTA D.C.","NO REGISTRA","ACTIVO","VIBROCOMPACTADORA","2014","2"
"BOGOTA D.C.","OFICIAL","ACTIVO","VOLQUETA","2014","11"
"BOGOTA D.C.","PARTICULAR","ACTIVO","VOLQUETA","2014","1"
"BOGOTA D.C.","PÚBLICO","ACTIVO","VOLQUETA","2014","17"
"BOGOTA D.C.","NO REGISTRA","ACTIVO","AUTOHORMIGONERA","2015","3"
"BOGOTA D.C.","PARTICULAR","ACTIVO","AUTOMOVIL","2015","52440"
"BOGOTA D.C.","OFICIAL","ACTIVO","AUTOMOVIL","2015","501"
"BOGOTA D.C.","PÚBLICO","ACTIVO","AUTOMOVIL","2015","3606"
"BOGOTA D.C.","NO REGISTRA","ACTIVO","BULDOZER","2015","9"
"BOGOTA D.C.","PARTICULAR","ACTIVO","BUS","2015","28"
"BOGOTA D.C.","OFICIAL","ACTIVO","BUS","2015","87"
"BOGOTA D.C.","PÚBLICO","ACTIVO","BUS","2015","624"
"BOGOTA D.C.","PÚBLICO","ACTIVO","BUSETA","2015","5"
"BOGOTA D.C.","PARTICULAR","ACTIVO","BUSETA","2015","8"
"BOGOTA D.C.","OFICIAL","ACTIVO","BUSETA","2015","87"
"BOGOTA D.C.","OFICIAL","ACTIVO","CAMION","2015","240"
"BOGOTA D.C.","PÚBLICO","ACTIVO","CAMION","2015","126"
"BOGOTA D.C.","PARTICULAR","ACTIVO","CAMION","2015","70"
"BOGOTA D.C.","OFICIAL","ACTIVO","CAMION CISTERNA","2015","1"
"BOGOTA D.C.","NO REGISTRA","ACTIVO","CAMIÓN GRÚA","2015","1"
"BOGOTA D.C.","OFICIAL","ACTIVO","CAMIÓN GRÚA","2015","1"
"BOGOTA D.C.","PÚBLICO","ACTIVO","CAMIONETA","2015","1195"
"BOGOTA D.C.","PARTICULAR","ACTIVO","CAMIONETA","2015","24128"
"BOGOTA D.C.","OFICIAL","ACTIVO","CAMIONETA","2015","1310"
"BOGOTA D.C.","PARTICULAR","ACTIVO","CAMPERO","2015","8159"
"BOGOTA D.C.","PÚBLICO","ACTIVO","CAMPERO","2015","86"
"BOGOTA D.C.","OFICIAL","ACTIVO","CAMPERO","2015","686"
"BOGOTA D.C.","NO REGISTRA","ACTIVO","CARGADOR","2015","13"
"BOGOTA D.C.","NO REGISTRA","ACTIVO","CARGADORA FRONTAL","2015","23"
"BOGOTA D.C.","NO REGISTRA","ACTIVO","CARRETILLA ELEVADORA","2015","10"
"BOGOTA D.C.","NO REGISTRA","ACTIVO","COMPACTADOR","2015","3"
"BOGOTA D.C.","NO REGISTRA","ACTIVO","COSECHADORA","2015","1"
"BOGOTA D.C.","PARTICULAR","ACTIVO","CUADRICICLO","2015","1"
"BOGOTA D.C.","OFICIAL","ACTIVO","CUATRIMOTO","2015","40"
"BOGOTA D.C.","PARTICULAR","ACTIVO","CUATRIMOTO","2015","137"
"BOGOTA D.C.","NO REGISTRA","ACTIVO","DUMPER (VOLQUETA ARTICULADA)","2015","1"
"BOGOTA D.C.","PARTICULAR","ACTIVO","EXCAVADORA","2015","1"
"BOGOTA D.C.","NO REGISTRA","ACTIVO","EXCAVADORA","2015","91"
"BOGOTA D.C.","NO REGISTRA","ACTIVO","FRESADORA","2015","2"
"BOGOTA D.C.","NO REGISTRA","ACTIVO","GRUA","2015","4"
"BOGOTA D.C.","NO REGISTRA","ACTIVO","MANIPULADOR TELESCOPICO","2015","2"
"BOGOTA D.C.","NO REGISTRA","ACTIVO","MAQUINA BARREDORA","2015","1"
"BOGOTA D.C.","PÚBLICO","ACTIVO","MICROBUS","2015","45"
"BOGOTA D.C.","OFICIAL","ACTIVO","MICROBUS","2015","112"
"BOGOTA D.C.","PARTICULAR","ACTIVO","MICROBUS","2015","46"
"BOGOTA D.C.","NO REGISTRA","ACTIVO","MINI EXCAVADORA","2015","2"
"BOGOTA D.C.","NO REGISTRA","ACTIVO","MINICARGADOR","2015","44"
"BOGOTA D.C.","NO REGISTRA","ACTIVO","MONTACARGAS","2015","57"
"BOGOTA D.C.","PARTICULAR","ACTIVO","MOTOCARRO","2015","89"
"BOGOTA D.C.","PÚBLICO","ACTIVO","MOTOCARRO","2015","2"
"BOGOTA D.C.","OFICIAL","ACTIVO","MOTOCICLETA","2015","6187"
"BOGOTA D.C.","PARTICULAR","ACTIVO","MOTOCICLETA","2015","31438"
"BOGOTA D.C.","NO REGISTRA","ACTIVO","MOTONIVELADORA","2015","3"
"BOGOTA D.C.","PARTICULAR","ACTIVO","MOTOTRICICLO","2015","3"
"BOGOTA D.C.","NO REGISTRA","ACTIVO","PAVIMENTADORA","2015","1"
"BOGOTA D.C.","NO REGISTRA","ACTIVO","PERFORADORA","2015","5"
"BOGOTA D.C.","NO REGISTRA","ACTIVO","REMOLQUE","2015","3"
"BOGOTA D.C.","NO REGISTRA","ACTIVO","RETROEXCAVADORA","2015","48"
"BOGOTA D.C.","NO REGISTRA","ACTIVO","SEMIREMOLQUE","2015","87"
"BOGOTA D.C.","NO REGISTRA","ACTIVO","TALADRO PERFORACION POZO PETROLERO","2015","9"
"BOGOTA D.C.","PARTICULAR","ACTIVO","TRACTOCAMION","2015","1"
"BOGOTA D.C.","OFICIAL","ACTIVO","TRACTOCAMION","2015","3"
"BOGOTA D.C.","NO REGISTRA","ACTIVO","TRACTOR","2015","99"
"BOGOTA D.C.","NO REGISTRA","ACTIVO","VIBROCOMPACTADORA","2015","9"
"BOGOTA D.C.","OFICIAL","ACTIVO","VOLQUETA","2015","16"
"BOGOTA D.C.","PÚBLICO","ACTIVO","VOLQUETA","2015","7"
"BOGOTA D.C.","PARTICULAR","ACTIVO","VOLQUETA","2015","2"
"BOGOTA D.C.","NO REGISTRA","ACTIVO","AUTOHORMIGONERA","2016","1"
"BOGOTA D.C.","OFICIAL","ACTIVO","AUTOMOVIL","2016","190"
"BOGOTA D.C.","PÚBLICO","ACTIVO","AUTOMOVIL","2016","2474"
"BOGOTA D.C.","PARTICULAR","ACTIVO","AUTOMOVIL","2016","47332"
"BOGOTA D.C.","NO REGISTRA","ACTIVO","BULDOZER","2016","28"
"BOGOTA D.C.","PÚBLICO","ACTIVO","BUS","2016","218"
"BOGOTA D.C.","OFICIAL","ACTIVO","BUS","2016","39"
"BOGOTA D.C.","PARTICULAR","ACTIVO","BUS","2016","33"
"BOGOTA D.C.","PARTICULAR","ACTIVO","BUSETA","2016","5"
"BOGOTA D.C.","OFICIAL","ACTIVO","BUSETA","2016","9"
"BOGOTA D.C.","PÚBLICO","ACTIVO","BUSETA","2016","12"
"BOGOTA D.C.","OFICIAL","ACTIVO","CAMION","2016","144"
"BOGOTA D.C.","PARTICULAR","ACTIVO","CAMION","2016","53"
"BOGOTA D.C.","PÚBLICO","ACTIVO","CAMION","2016","64"
"BOGOTA D.C.","OFICIAL","ACTIVO","CAMIONETA","2016","759"
"BOGOTA D.C.","PÚBLICO","ACTIVO","CAMIONETA","2016","856"
"BOGOTA D.C.","PARTICULAR","ACTIVO","CAMIONETA","2016","23585"
"BOGOTA D.C.","PARTICULAR","ACTIVO","CAMPERO","2016","7197"
"BOGOTA D.C.","OFICIAL","ACTIVO","CAMPERO","2016","240"
"BOGOTA D.C.","PÚBLICO","ACTIVO","CAMPERO","2016","51"
"BOGOTA D.C.","NO REGISTRA","ACTIVO","CARGADOR","2016","46"
"BOGOTA D.C.","NO REGISTRA","ACTIVO","CARGADORA FRONTAL","2016","3"
"BOGOTA D.C.","NO REGISTRA","ACTIVO","CARRETILLA ELEVADORA","2016","1"
"BOGOTA D.C.","NO REGISTRA","ACTIVO","COMPACTADOR","2016","3"
"BOGOTA D.C.","NO REGISTRA","ACTIVO","COSECHADORA","2016","4"
"BOGOTA D.C.","PARTICULAR","ACTIVO","CUATRIMOTO","2016","55"
"BOGOTA D.C.","OFICIAL","ACTIVO","CUATRIMOTO","2016","2"
"BOGOTA D.C.","NO REGISTRA","ACTIVO","EXCAVADORA","2016","167"
"BOGOTA D.C.","NO REGISTRA","ACTIVO","GATOR","2016","1"
"BOGOTA D.C.","NO REGISTRA","ACTIVO","GRUA","2016","1"
"BOGOTA D.C.","NO REGISTRA","ACTIVO","MANIPULADOR TELESCOPICO","2016","1"
"BOGOTA D.C.","PARTICULAR","ACTIVO","MICROBUS","2016","18"
"BOGOTA D.C.","OFICIAL","ACTIVO","MICROBUS","2016","15"
"BOGOTA D.C.","PÚBLICO","ACTIVO","MICROBUS","2016","50"
"BOGOTA D.C.","NO REGISTRA","ACTIVO","MINI EXCAVADORA","2016","9"
"BOGOTA D.C.","NO REGISTRA","ACTIVO","MINI RETROEXCAVADORA","2016","1"
"BOGOTA D.C.","NO REGISTRA","ACTIVO","MINICARGADOR","2016","17"
"BOGOTA D.C.","NO REGISTRA","ACTIVO","MONTACARGAS","2016","12"
"BOGOTA D.C.","PARTICULAR","ACTIVO","MOTOCARRO","2016","32"
"BOGOTA D.C.","OFICIAL","ACTIVO","MOTOCICLETA","2016","2425"
"BOGOTA D.C.","PARTICULAR","ACTIVO","MOTOCICLETA","2016","11841"
"BOGOTA D.C.","NO REGISTRA","ACTIVO","MOTONIVELADORA","2016","20"
"BOGOTA D.C.","PARTICULAR","ACTIVO","MOTOTRICICLO","2016","4"
"BOGOTA D.C.","NO REGISTRA","ACTIVO","PERFORADORA","2016","3"
"BOGOTA D.C.","NO REGISTRA","ACTIVO","RETROEXCAVADORA","2016","92"
"BOGOTA D.C.","NO REGISTRA","ACTIVO","SEMIREMOLQUE","2016","34"
"BOGOTA D.C.","PARTICULAR","ACTIVO","TRACTOCAMION","2016","3"
"BOGOTA D.C.","OFICIAL","ACTIVO","TRACTOCAMION","2016","4"
"BOGOTA D.C.","NO REGISTRA","ACTIVO","TRACTOR","2016","19"
"BOGOTA D.C.","NO REGISTRA","ACTIVO","TRACTOR SOBRE ORUGA","2016","1"
"BOGOTA D.C.","NO REGISTRA","ACTIVO","VIBROCOMPACTADORA","2016","13"
"BOGOTA D.C.","PÚBLICO","ACTIVO","VOLQUETA","2016","8"
"BOGOTA D.C.","OFICIAL","ACTIVO","VOLQUETA","2016","5"
"BOGOTA D.C.","NO REGISTRA","ACTIVO","APLANADORA","2017","1"
"BOGOTA D.C.","NO REGISTRA","ACTIVO","AUTOHORMIGONERA","2017","1"
"BOGOTA D.C.","PARTICULAR","ACTIVO","AUTOMOVIL","2017","42672"
"BOGOTA D.C.","PÚBLICO","ACTIVO","AUTOMOVIL","2017","2087"
"BOGOTA D.C.","OFICIAL","ACTIVO","AUTOMOVIL","2017","185"
"BOGOTA D.C.","NO REGISTRA","ACTIVO","BULDOZER","2017","10"
"BOGOTA D.C.","OFICIAL","ACTIVO","BUS","2017","44"
"BOGOTA D.C.","PÚBLICO","ACTIVO","BUS","2017","137"
"BOGOTA D.C.","PARTICULAR","ACTIVO","BUS","2017","14"
"BOGOTA D.C.","PÚBLICO","ACTIVO","BUSETA","2017","3"
"BOGOTA D.C.","PARTICULAR","ACTIVO","CAMION","2017","41"
"BOGOTA D.C.","PÚBLICO","ACTIVO","CAMION","2017","53"
"BOGOTA D.C.","OFICIAL","ACTIVO","CAMION","2017","86"
"BOGOTA D.C.","PÚBLICO","ACTIVO","CAMIONETA","2017","526"
"BOGOTA D.C.","OFICIAL","ACTIVO","CAMIONETA","2017","604"
"BOGOTA D.C.","PARTICULAR","ACTIVO","CAMIONETA","2017","25655"
"BOGOTA D.C.","PÚBLICO","ACTIVO","CAMPERO","2017","25"
"BOGOTA D.C.","PARTICULAR","ACTIVO","CAMPERO","2017","6251"
"BOGOTA D.C.","OFICIAL","ACTIVO","CAMPERO","2017","176"
"BOGOTA D.C.","NO REGISTRA","ACTIVO","CARGADOR","2017","29"
"BOGOTA D.C.","NO REGISTRA","ACTIVO","COMPACTADOR","2017","2"
"BOGOTA D.C.","NO REGISTRA","ACTIVO","CRIBAS","2017","1"
"BOGOTA D.C.","PARTICULAR","ACTIVO","CUADRICICLO","2017","10"
"BOGOTA D.C.","PARTICULAR","ACTIVO","CUATRIMOTO","2017","61"
"BOGOTA D.C.","NO REGISTRA","ACTIVO","EXCAVADORA","2017","79"
"BOGOTA D.C.","NO REGISTRA","ACTIVO","GRUA","2017","3"
"BOGOTA D.C.","NO REGISTRA","ACTIVO","JUMBO DE PERFORACION","2017","5"
"BOGOTA D.C.","NO REGISTRA","ACTIVO","MANIPULADOR TELESCOPICO","2017","1"
"BOGOTA D.C.","PÚBLICO","ACTIVO","MICROBUS","2017","22"
"BOGOTA D.C.","OFICIAL","ACTIVO","MICROBUS","2017","51"
"BOGOTA D.C.","PARTICULAR","ACTIVO","MICROBUS","2017","12"
"BOGOTA D.C.","NO REGISTRA","ACTIVO","MINI EXCAVADORA","2017","6"
"BOGOTA D.C.","NO REGISTRA","ACTIVO","MINICARGADOR","2017","31"
"BOGOTA D.C.","NO REGISTRA","ACTIVO","MONTACARGAS","2017","11"
"BOGOTA D.C.","PARTICULAR","ACTIVO","MOTOCARRO","2017","19"
"BOGOTA D.C.","OFICIAL","ACTIVO","MOTOCICLETA","2017","3794"
"BOGOTA D.C.","PARTICULAR","ACTIVO","MOTOCICLETA","2017","6446"
"BOGOTA D.C.","PARTICULAR","ACTIVO","MOTOTRICICLO","2017","2"
"BOGOTA D.C.","NO REGISTRA","ACTIVO","PALA DRAGA","2017","2"
"BOGOTA D.C.","NO REGISTRA","ACTIVO","PERFORADORA","2017","6"
"BOGOTA D.C.","NO REGISTRA","ACTIVO","PILOTEADORA","2017","1"
"BOGOTA D.C.","NO REGISTRA","ACTIVO","REMOLQUE","2017","1"
"BOGOTA D.C.","NO REGISTRA","ACTIVO","RETROCARGADOR","2017","6"
"BOGOTA D.C.","NO REGISTRA","ACTIVO","RETROEXCAVADORA","2017","57"
"BOGOTA D.C.","PARTICULAR","ACTIVO","RETROEXCAVADORA","2017","1"
"BOGOTA D.C.","NO REGISTRA","ACTIVO","SEMIREMOLQUE","2017","10"
"BOGOTA D.C.","NO REGISTRA","ACTIVO","TALADRO PERFORACION POZO PETROLERO","2017","1"
"BOGOTA D.C.","OFICIAL","ACTIVO","TRACTOCAMION","2017","1"
"BOGOTA D.C.","NO REGISTRA","ACTIVO","TRACTOR","2017","6"
"BOGOTA D.C.","NO REGISTRA","ACTIVO","TRITURADORA","2017","2"
"BOGOTA D.C.","NO REGISTRA","ACTIVO","VIBROCOMPACTADORA","2017","1"
"BOGOTA D.C.","PARTICULAR","ACTIVO","VOLQUETA","2017","2"
"BOGOTA D.C.","PÚBLICO","ACTIVO","VOLQUETA","2017","1"
"BOGOTA D.C.","OFICIAL","ACTIVO","VOLQUETA","2017","3"
"BOGOTA D.C.","NO REGISTRA","ACTIVO","AUTOHORMIGONERA","2018","4"
"BOGOTA D.C.","PARTICULAR","ACTIVO","AUTOMOVIL","2018","41678"
"BOGOTA D.C.","PÚBLICO","ACTIVO","AUTOMOVIL","2018","2190"
"BOGOTA D.C.","OFICIAL","ACTIVO","AUTOMOVIL","2018","140"
"BOGOTA D.C.","NO REGISTRA","ACTIVO","BARREDORA","2018","3"
"BOGOTA D.C.","NO REGISTRA","ACTIVO","BULDOZER","2018","14"
"BOGOTA D.C.","PÚBLICO","ACTIVO","BUS","2018","89"
"BOGOTA D.C.","OFICIAL","ACTIVO","BUS","2018","10"
"BOGOTA D.C.","PARTICULAR","ACTIVO","BUS","2018","13"
"BOGOTA D.C.","PARTICULAR","ACTIVO","BUSETA","2018","1"
"BOGOTA D.C.","OFICIAL","ACTIVO","BUSETA","2018","3"
"BOGOTA D.C.","PÚBLICO","ACTIVO","BUSETA","2018","4"
"BOGOTA D.C.","PÚBLICO","ACTIVO","CAMION","2018","404"
"BOGOTA D.C.","OFICIAL","ACTIVO","CAMION","2018","91"
"BOGOTA D.C.","PARTICULAR","ACTIVO","CAMION","2018","41"
"BOGOTA D.C.","PARTICULAR","ACTIVO","CAMIONETA","2018","29767"
"BOGOTA D.C.","OFICIAL","ACTIVO","CAMIONETA","2018","701"
"BOGOTA D.C.","PÚBLICO","ACTIVO","CAMIONETA","2018","577"
"BOGOTA D.C.","PÚBLICO","ACTIVO","CAMPERO","2018","75"
"BOGOTA D.C.","PARTICULAR","ACTIVO","CAMPERO","2018","5916"
"BOGOTA D.C.","OFICIAL","ACTIVO","CAMPERO","2018","92"
"BOGOTA D.C.","NO REGISTRA","ACTIVO","CARGADOR","2018","23"
"BOGOTA D.C.","PARTICULAR","ACTIVO","CICLOMOTOR","2018","10"
"BOGOTA D.C.","NO REGISTRA","ACTIVO","COMPACTADOR","2018","1"
"BOGOTA D.C.","NO REGISTRA","ACTIVO","CORTADORA","2018","3"
"BOGOTA D.C.","NO REGISTRA","ACTIVO","COSECHADORA","2018","1"
"BOGOTA D.C.","PARTICULAR","ACTIVO","CUADRICICLO","2018","60"
"BOGOTA D.C.","PARTICULAR","ACTIVO","CUATRIMOTO","2018","62"
"BOGOTA D.C.","NO REGISTRA","ACTIVO","EXCAVADORA","2018","48"
"BOGOTA D.C.","NO REGISTRA","ACTIVO","FRESADORA","2018","1"
"BOGOTA D.C.","NO REGISTRA","ACTIVO","GRUA","2018","7"
"BOGOTA D.C.","NO REGISTRA","ACTIVO","JUMBO DE PERFORACION","2018","1"
"BOGOTA D.C.","NO REGISTRA","ACTIVO","MAQUINA BARREDORA","2018","4"
"BOGOTA D.C.","PARTICULAR","ACTIVO","MICROBUS","2018","7"
"BOGOTA D.C.","PÚBLICO","ACTIVO","MICROBUS","2018","3"
"BOGOTA D.C.","OFICIAL","ACTIVO","MICROBUS","2018","27"
"BOGOTA D.C.","NO REGISTRA","ACTIVO","MINI EXCAVADORA","2018","3"
"BOGOTA D.C.","PARTICULAR","ACTIVO","MINICARGADOR","2018","1"
"BOGOTA D.C.","NO REGISTRA","ACTIVO","MINICARGADOR","2018","36"
"BOGOTA D.C.","NO REGISTRA","ACTIVO","MONTACARGAS","2018","20"
"BOGOTA D.C.","PARTICULAR","ACTIVO","MOTOCARRO","2018","6"
"BOGOTA D.C.","PARTICULAR","ACTIVO","MOTOCICLETA","2018","4573"
"BOGOTA D.C.","OFICIAL","ACTIVO","MOTOCICLETA","2018","1676"
"BOGOTA D.C.","NO REGISTRA","ACTIVO","MOTONIVELADORA","2018","3"
"BOGOTA D.C.","PARTICULAR","ACTIVO","MOTOTRICICLO","2018","1"
"BOGOTA D.C.","NO REGISTRA","ACTIVO","PAVIMENTADORA","2018","2"
"BOGOTA D.C.","NO REGISTRA","ACTIVO","PERFORADORA","2018","1"
"BOGOTA D.C.","NO REGISTRA","ACTIVO","PILOTEADORA","2018","2"
"BOGOTA D.C.","NO REGISTRA","ACTIVO","PLATAFORMA DE ELEVACION","2018","1"
"BOGOTA D.C.","NO REGISTRA","ACTIVO","PRENSA HIDRAULICA","2018","1"
"BOGOTA D.C.","NO REGISTRA","ACTIVO","REMOLQUE","2018","6"
"BOGOTA D.C.","NO REGISTRA","ACTIVO","RETROCARGADOR","2018","3"
"BOGOTA D.C.","NO REGISTRA","ACTIVO","RETROEXCAVADORA","2018","22"
"BOGOTA D.C.","NO REGISTRA","ACTIVO","SEMIREMOLQUE","2018","8"
"BOGOTA D.C.","NO REGISTRA","ACTIVO","TALADRO","2018","3"
"BOGOTA D.C.","PARTICULAR","ACTIVO","TRACTOCAMION","2018","1"
"BOGOTA D.C.","OFICIAL","ACTIVO","TRACTOCAMION","2018","3"
"BOGOTA D.C.","PÚBLICO","ACTIVO","TRACTOCAMION","2018","3"
"BOGOTA D.C.","NO REGISTRA","ACTIVO","TRACTOR","2018","10"
"BOGOTA D.C.","NO REGISTRA","ACTIVO","TRACTOR SOBRE ORUGA","2018","2"
"BOGOTA D.C.","NO REGISTRA","ACTIVO","VIBROCOMPACTADORA","2018","7"
"BOGOTA D.C.","PARTICULAR","ACTIVO","VOLQUETA","2018","3"
"BOGOTA D.C.","PÚBLICO","ACTIVO","VOLQUETA","2018","93"
"BOGOTA D.C.","OFICIAL","ACTIVO","VOLQUETA","2018","10"
"BOGOTA D.C.","NO REGISTRA","ACTIVO","AUTOHORMIGONERA","2019","2"
"BOGOTA D.C.","OFICIAL","ACTIVO","AUTOMOVIL","2019","34"
"BOGOTA D.C.","PÚBLICO","ACTIVO","AUTOMOVIL","2019","2373"
"BOGOTA D.C.","PARTICULAR","ACTIVO","AUTOMOVIL","2019","36136"
"BOGOTA D.C.","NO REGISTRA","ACTIVO","BARREDORA","2019","2"
"BOGOTA D.C.","NO REGISTRA","ACTIVO","BULDOZER","2019","2"
"BOGOTA D.C.","PARTICULAR","ACTIVO","BUS","2019","37"
"BOGOTA D.C.","PÚBLICO","ACTIVO","BUS","2019","982"
"BOGOTA D.C.","OFICIAL","ACTIVO","BUS","2019","9"
"BOGOTA D.C.","PARTICULAR","ACTIVO","BUSETA","2019","4"
"BOGOTA D.C.","PÚBLICO","ACTIVO","BUSETA","2019","5"
"BOGOTA D.C.","PARTICULAR","ACTIVO","CAMION","2019","51"
"BOGOTA D.C.","OFICIAL","ACTIVO","CAMION","2019","32"
"BOGOTA D.C.","PÚBLICO","ACTIVO","CAMION","2019","101"
"BOGOTA D.C.","NO REGISTRA","ACTIVO","CAMIÓN GRÚA","2019","2"
"BOGOTA D.C.","PÚBLICO","ACTIVO","CAMIONETA","2019","810"
"BOGOTA D.C.","NO REGISTRA","ACTIVO","CAMIONETA","2019","1"
"BOGOTA D.C.","OFICIAL","ACTIVO","CAMIONETA","2019","283"
"BOGOTA D.C.","PARTICULAR","ACTIVO","CAMIONETA","2019","28528"
"BOGOTA D.C.","PARTICULAR","ACTIVO","CAMPERO","2019","5709"
"BOGOTA D.C.","PÚBLICO","ACTIVO","CAMPERO","2019","113"
"BOGOTA D.C.","OFICIAL","ACTIVO","CAMPERO","2019","54"
"BOGOTA D.C.","NO REGISTRA","ACTIVO","CARGADOR","2019","24"
"BOGOTA D.C.","PARTICULAR","ACTIVO","CICLOMOTOR","2019","28"
"BOGOTA D.C.","NO REGISTRA","ACTIVO","COMPACTADOR","2019","4"
"BOGOTA D.C.","NO REGISTRA","ACTIVO","COSECHADORA","2019","1"
"BOGOTA D.C.","PARTICULAR","ACTIVO","CUADRICICLO","2019","87"
"BOGOTA D.C.","PARTICULAR","ACTIVO","CUATRIMOTO","2019","66"
"BOGOTA D.C.","OFICIAL","ACTIVO","CUATRIMOTO","2019","14"
"BOGOTA D.C.","NO REGISTRA","ACTIVO","EXCAVADORA","2019","27"
"BOGOTA D.C.","NO REGISTRA","ACTIVO","FRESADORA","2019","1"
"BOGOTA D.C.","NO REGISTRA","ACTIVO","GRUA","2019","8"
"BOGOTA D.C.","NO REGISTRA","ACTIVO","JUMBO DE PERFORACION","2019","1"
"BOGOTA D.C.","NO REGISTRA","ACTIVO","MANIPULADOR TELESCOPICO","2019","3"
"BOGOTA D.C.","NO REGISTRA","ACTIVO","MAQUINA BARREDORA","2019","2"
"BOGOTA D.C.","PÚBLICO","ACTIVO","MICROBUS","2019","31"
"BOGOTA D.C.","OFICIAL","ACTIVO","MICROBUS","2019","16"
"BOGOTA D.C.","PARTICULAR","ACTIVO","MICROBUS","2019","14"
"BOGOTA D.C.","NO REGISTRA","ACTIVO","MINI EXCAVADORA","2019","1"
"BOGOTA D.C.","NO REGISTRA","ACTIVO","MINICARGADOR","2019","30"
"BOGOTA D.C.","NO REGISTRA","ACTIVO","MONTACARGAS","2019","16"
"BOGOTA D.C.","PARTICULAR","ACTIVO","MOTOCARRO","2019","28"
"BOGOTA D.C.","OFICIAL","ACTIVO","MOTOCICLETA","2019","1151"
"BOGOTA D.C.","PARTICULAR","ACTIVO","MOTOCICLETA","2019","4232"
"BOGOTA D.C.","NO REGISTRA","ACTIVO","MOTONIVELADORA","2019","4"
"BOGOTA D.C.","NO REGISTRA","ACTIVO","PALA DRAGA","2019","1"
"BOGOTA D.C.","NO REGISTRA","ACTIVO","PALA FRONTAL","2019","1"
"BOGOTA D.C.","NO REGISTRA","ACTIVO","PAVIMENTADORA","2019","3"
"BOGOTA D.C.","NO REGISTRA","ACTIVO","PERFORADORA","2019","7"
"BOGOTA D.C.","NO REGISTRA","ACTIVO","PLATAFORMA DE ELEVACION","2019","1"
"BOGOTA D.C.","NO REGISTRA","ACTIVO","PULVERIZADOR AGRICOLA","2019","1"
"BOGOTA D.C.","NO REGISTRA","ACTIVO","REMOLQUE","2019","4"
"BOGOTA D.C.","NO REGISTRA","ACTIVO","RETROCARGADOR","2019","3"
"BOGOTA D.C.","NO REGISTRA","ACTIVO","RETROEXCAVADORA","2019","23"
"BOGOTA D.C.","NO REGISTRA","ACTIVO","SEMIREMOLQUE","2019","19"
"BOGOTA D.C.","NO REGISTRA","ACTIVO","TALADRO PERFORACION POZO PETROLERO","2019","2"
"BOGOTA D.C.","PARTICULAR","ACTIVO","TRACTOCAMION","2019","1"
"BOGOTA D.C.","OFICIAL","ACTIVO","TRACTOCAMION","2019","2"
"BOGOTA D.C.","PÚBLICO","ACTIVO","TRACTOCAMION","2019","4"
"BOGOTA D.C.","NO REGISTRA","ACTIVO","TRACTOR","2019","14"
"BOGOTA D.C.","NO REGISTRA","ACTIVO","TRACTOR SOBRE ORUGA","2019","4"
"BOGOTA D.C.","PARTICULAR","ACTIVO","TRICIMOTO","2019","2"
"BOGOTA D.C.","NO REGISTRA","ACTIVO","VIBROCOMPACTADORA","2019","11"
"BOGOTA D.C.","PÚBLICO","ACTIVO","VOLQUETA","2019","11"
"BOGOTA D.C.","OFICIAL","ACTIVO","VOLQUETA","2019","2"
"BOGOTA D.C.","NO REGISTRA","ACTIVO","APLANADORA","2020","2"
"BOGOTA D.C.","PÚBLICO","ACTIVO","AUTOMOVIL","2020","753"
"BOGOTA D.C.","PARTICULAR","ACTIVO","AUTOMOVIL","2020","20735"
"BOGOTA D.C.","OFICIAL","ACTIVO","AUTOMOVIL","2020","25"
"BOGOTA D.C.","NO REGISTRA","ACTIVO","BARREDORA","2020","1"
"BOGOTA D.C.","NO REGISTRA","ACTIVO","BULDOZER","2020","4"
"BOGOTA D.C.","OFICIAL","ACTIVO","BUS","2020","1"
"BOGOTA D.C.","PÚBLICO","ACTIVO","BUS","2020","1893"
"BOGOTA D.C.","PARTICULAR","ACTIVO","BUS","2020","8"
"BOGOTA D.C.","PARTICULAR","ACTIVO","BUSETA","2020","2"
"BOGOTA D.C.","PÚBLICO","ACTIVO","BUSETA","2020","1"
"BOGOTA D.C.","OFICIAL","ACTIVO","CAMION","2020","14"
"BOGOTA D.C.","PÚBLICO","ACTIVO","CAMION","2020","47"
"BOGOTA D.C.","PARTICULAR","ACTIVO","CAMION","2020","23"
"BOGOTA D.C.","NO REGISTRA","ACTIVO","CAMIÓN GRÚA","2020","1"
"BOGOTA D.C.","PARTICULAR","ACTIVO","CAMIONETA","2020","19515"
"BOGOTA D.C.","OFICIAL","ACTIVO","CAMIONETA","2020","253"
"BOGOTA D.C.","PÚBLICO","ACTIVO","CAMIONETA","2020","754"
"BOGOTA D.C.","PÚBLICO","ACTIVO","CAMPERO","2020","193"
"BOGOTA D.C.","PARTICULAR","ACTIVO","CAMPERO","2020","2947"
"BOGOTA D.C.","OFICIAL","ACTIVO","CAMPERO","2020","65"
"BOGOTA D.C.","NO REGISTRA","ACTIVO","CARGADOR","2020","4"
"BOGOTA D.C.","NO REGISTRA","ACTIVO","CARRETILLA APILADORA","2020","3"
"BOGOTA D.C.","PARTICULAR","ACTIVO","CICLOMOTOR","2020","23"
"BOGOTA D.C.","NO REGISTRA","ACTIVO","COMPACTADOR","2020","2"
"BOGOTA D.C.","PARTICULAR","ACTIVO","CUADRICICLO","2020","48"
"BOGOTA D.C.","PARTICULAR","ACTIVO","CUATRIMOTO","2020","37"
"BOGOTA D.C.","NO REGISTRA","ACTIVO","EXCAVADORA","2020","8"
"BOGOTA D.C.","NO REGISTRA","ACTIVO","GRUA","2020","1"
"BOGOTA D.C.","PÚBLICO","ACTIVO","MICROBUS","2020","8"
"BOGOTA D.C.","OFICIAL","ACTIVO","MICROBUS","2020","2"
"BOGOTA D.C.","PARTICULAR","ACTIVO","MICROBUS","2020","11"
"BOGOTA D.C.","NO REGISTRA","ACTIVO","MINI EXCAVADORA","2020","1"
"BOGOTA D.C.","NO REGISTRA","ACTIVO","MINICARGADOR","2020","5"
"BOGOTA D.C.","NO REGISTRA","ACTIVO","MONTACARGAS","2020","5"
"BOGOTA D.C.","PARTICULAR","ACTIVO","MOTOCARRO","2020","10"
"BOGOTA D.C.","OFICIAL","ACTIVO","MOTOCICLETA","2020","58"
"BOGOTA D.C.","PARTICULAR","ACTIVO","MOTOCICLETA","2020","2186"
"BOGOTA D.C.","NO REGISTRA","ACTIVO","MOTONIVELADORA","2020","2"
"BOGOTA D.C.","PARTICULAR","ACTIVO","MOTOTRICICLO","2020","7"
"BOGOTA D.C.","NO REGISTRA","ACTIVO","PERFORADORA","2020","1"
"BOGOTA D.C.","NO REGISTRA","ACTIVO","RETROCARGADOR","2020","1"
"BOGOTA D.C.","NO REGISTRA","ACTIVO","RETROEXCAVADORA","2020","11"
"BOGOTA D.C.","NO REGISTRA","ACTIVO","SEMIREMOLQUE","2020","9"
"BOGOTA D.C.","PÚBLICO","ACTIVO","TRACTOCAMION","2020","5"
"BOGOTA D.C.","PARTICULAR","ACTIVO","TRACTOCAMION","2020","4"
"BOGOTA D.C.","NO REGISTRA","ACTIVO","TRACTOR","2020","6"
"BOGOTA D.C.","NO REGISTRA","ACTIVO","VIBROCOMPACTADORA","2020","1"
"BOGOTA D.C.","PÚBLICO","ACTIVO","VOLQUETA","2020","3"
"BOGOTA D.C.","OFICIAL","ACTIVO","VOLQUETA","2020","6"
"BOGOTA D.C.","NO REGISTRA","ACTIVO","AUTOHORMIGONERA","2021","2"
"BOGOTA D.C.","PÚBLICO","ACTIVO","AUTOMOVIL","2021","1514"
"BOGOTA D.C.","PARTICULAR","ACTIVO","AUTOMOVIL","2021","22578"
"BOGOTA D.C.","OFICIAL","ACTIVO","AUTOMOVIL","2021","30"
"BOGOTA D.C.","NO REGISTRA","ACTIVO","BULDOZER","2021","4"
"BOGOTA D.C.","OFICIAL","ACTIVO","BUS","2021","10"
"BOGOTA D.C.","PÚBLICO","ACTIVO","BUS","2021","807"
"BOGOTA D.C.","PARTICULAR","ACTIVO","BUS","2021","6"
"BOGOTA D.C.","OFICIAL","ACTIVO","BUSETA","2021","11"
"BOGOTA D.C.","PÚBLICO","ACTIVO","CAMION","2021","54"
"BOGOTA D.C.","OFICIAL","ACTIVO","CAMION","2021","11"
"BOGOTA D.C.","PARTICULAR","ACTIVO","CAMION","2021","13"
"BOGOTA D.C.","PARTICULAR","ACTIVO","CAMIONETA","2021","26773"
"BOGOTA D.C.","PÚBLICO","ACTIVO","CAMIONETA","2021","685"
"BOGOTA D.C.","OFICIAL","ACTIVO","CAMIONETA","2021","192"
"BOGOTA D.C.","PARTICULAR","ACTIVO","CAMPERO","2021","4067"
"BOGOTA D.C.","OFICIAL","ACTIVO","CAMPERO","2021","14"
"BOGOTA D.C.","PÚBLICO","ACTIVO","CAMPERO","2021","120"
"BOGOTA D.C.","NO REGISTRA","ACTIVO","CARGADOR","2021","10"
"BOGOTA D.C.","PARTICULAR","ACTIVO","CICLOMOTOR","2021","20"
"BOGOTA D.C.","NO REGISTRA","ACTIVO","COMPACTADOR","2021","3"
"BOGOTA D.C.","NO REGISTRA","ACTIVO","COSECHADORA","2021","1"
"BOGOTA D.C.","PARTICULAR","ACTIVO","CUADRICICLO","2021","78"
"BOGOTA D.C.","PARTICULAR","ACTIVO","CUATRIMOTO","2021","31"
"BOGOTA D.C.","NO REGISTRA","ACTIVO","EXCAVADORA","2021","21"
"BOGOTA D.C.","NO REGISTRA","ACTIVO","GRUA","2021","1"
"BOGOTA D.C.","NO REGISTRA","ACTIVO","HORMIGONERA PARA TÚNELES","2021","1"
"BOGOTA D.C.","PARTICULAR","ACTIVO","MICROBUS","2021","27"
"BOGOTA D.C.","OFICIAL","ACTIVO","MICROBUS","2021","4"
"BOGOTA D.C.","PÚBLICO","ACTIVO","MICROBUS","2021","10"
"BOGOTA D.C.","NO REGISTRA","ACTIVO","MINI RETROEXCAVADORA","2021","1"
"BOGOTA D.C.","NO REGISTRA","ACTIVO","MINICARGADOR","2021","16"
"BOGOTA D.C.","NO REGISTRA","ACTIVO","MONTACARGAS","2021","10"
"BOGOTA D.C.","PARTICULAR","ACTIVO","MOTOCARRO","2021","25"
"BOGOTA D.C.","PARTICULAR","ACTIVO","MOTOCICLETA","2021","2423"
"BOGOTA D.C.","OFICIAL","ACTIVO","MOTOCICLETA","2021","294"
"BOGOTA D.C.","NO REGISTRA","ACTIVO","MOTONIVELADORA","2021","1"
"BOGOTA D.C.","PARTICULAR","ACTIVO","MOTOTRICICLO","2021","12"
"BOGOTA D.C.","NO REGISTRA","ACTIVO","REMOLQUE","2021","3"
"BOGOTA D.C.","NO REGISTRA","ACTIVO","RETROCARGADOR","2021","1"
"BOGOTA D.C.","NO REGISTRA","ACTIVO","RETROEXCAVADORA","2021","9"
"BOGOTA D.C.","NO REGISTRA","ACTIVO","SEMIREMOLQUE","2021","3"
"BOGOTA D.C.","PÚBLICO","ACTIVO","TRACTOCAMION","2021","5"
"BOGOTA D.C.","NO REGISTRA","ACTIVO","TRACTOR","2021","16"
"BOGOTA D.C.","PARTICULAR","ACTIVO","TRICIMOTO","2021","4"
"BOGOTA D.C.","NO REGISTRA","ACTIVO","VIBROCOMPACTADORA","2021","5"
"BOGOTA D.C.","PÚBLICO","ACTIVO","VOLQUETA","2021","5"
"BOGOTA D.C.","NO REGISTRA","ACTIVO","ZANJADORA","2021","1"
"BOGOTA D.C.","PÚBLICO","ACTIVO","AUTOMOVIL","2022","1999"
"BOGOTA D.C.","OFICIAL","ACTIVO","AUTOMOVIL","2022","40"
"BOGOTA D.C.","PARTICULAR","ACTIVO","AUTOMOVIL","2022","18579"
"BOGOTA D.C.","NO REGISTRA","ACTIVO","BULDOZER","2022","1"
"BOGOTA D.C.","PÚBLICO","ACTIVO","BUS","2022","1402"
"BOGOTA D.C.","OFICIAL","ACTIVO","BUS","2022","6"
"BOGOTA D.C.","PARTICULAR","ACTIVO","BUS","2022","11"
"BOGOTA D.C.","OFICIAL","ACTIVO","BUSETA","2022","1"
"BOGOTA D.C.","PÚBLICO","ACTIVO","BUSETA","2022","3"
"BOGOTA D.C.","PARTICULAR","ACTIVO","CAMION","2022","18"
"BOGOTA D.C.","PÚBLICO","ACTIVO","CAMION","2022","71"
"BOGOTA D.C.","OFICIAL","ACTIVO","CAMION","2022","22"
"BOGOTA D.C.","NO REGISTRA","ACTIVO","CAMIÓN","2022","1"
"BOGOTA D.C.","PARTICULAR","ACTIVO","CAMIONETA","2022","23743"
"BOGOTA D.C.","OFICIAL","ACTIVO","CAMIONETA","2022","242"
"BOGOTA D.C.","PÚBLICO","ACTIVO","CAMIONETA","2022","516"
"BOGOTA D.C.","PARTICULAR","ACTIVO","CAMPERO","2022","3883"
"BOGOTA D.C.","OFICIAL","ACTIVO","CAMPERO","2022","43"
"BOGOTA D.C.","PÚBLICO","ACTIVO","CAMPERO","2022","42"
"BOGOTA D.C.","NO REGISTRA","ACTIVO","CARGADOR","2022","9"
"BOGOTA D.C.","NO REGISTRA","ACTIVO","CARRETILLA APILADORA","2022","1"
"BOGOTA D.C.","PARTICULAR","ACTIVO","CICLOMOTOR","2022","28"
"BOGOTA D.C.","NO REGISTRA","ACTIVO","COMPACTADOR","2022","1"
"BOGOTA D.C.","PARTICULAR","ACTIVO","CUADRICICLO","2022","73"
"BOGOTA D.C.","PARTICULAR","ACTIVO","CUATRIMOTO","2022","33"
"BOGOTA D.C.","NO REGISTRA","ACTIVO","DUMPER (VOLQUETA ARTICULADA)","2022","1"
"BOGOTA D.C.","NO REGISTRA","ACTIVO","EXCAVADORA","2022","11"
"BOGOTA D.C.","NO REGISTRA","ACTIVO","FRESADORA","2022","1"
"BOGOTA D.C.","NO REGISTRA","ACTIVO","MANIPULADOR TELESCOPICO","2022","1"
"BOGOTA D.C.","OFICIAL","ACTIVO","MICROBUS","2022","9"
"BOGOTA D.C.","PÚBLICO","ACTIVO","MICROBUS","2022","16"
"BOGOTA D.C.","PARTICULAR","ACTIVO","MICROBUS","2022","18"
"BOGOTA D.C.","NO REGISTRA","ACTIVO","MINI EXCAVADORA","2022","1"
"BOGOTA D.C.","NO REGISTRA","ACTIVO","MINICARGADOR","2022","5"
"BOGOTA D.C.","NO REGISTRA","ACTIVO","MONTACARGAS","2022","1"
"BOGOTA D.C.","PARTICULAR","ACTIVO","MOTOCARRO","2022","15"
"BOGOTA D.C.","PARTICULAR","ACTIVO","MOTOCICLETA","2022","2185"
"BOGOTA D.C.","OFICIAL","ACTIVO","MOTOCICLETA","2022","743"
"BOGOTA D.C.","NO REGISTRA","ACTIVO","MOTONIVELADORA","2022","2"
"BOGOTA D.C.","PARTICULAR","ACTIVO","MOTOTRICICLO","2022","1"
"BOGOTA D.C.","NO REGISTRA","ACTIVO","PALA FRONTAL","2022","1"
"BOGOTA D.C.","NO REGISTRA","ACTIVO","PERFORADORA","2022","1"
"BOGOTA D.C.","NO REGISTRA","ACTIVO","PILOTEADORA","2022","1"
"BOGOTA D.C.","NO REGISTRA","ACTIVO","REMOLQUE","2022","6"
"BOGOTA D.C.","NO REGISTRA","ACTIVO","RETROEXCAVADORA","2022","9"
"BOGOTA D.C.","NO REGISTRA","ACTIVO","SEMIREMOLQUE","2022","11"
"BOGOTA D.C.","PÚBLICO","ACTIVO","TRACTOCAMION","2022","2"
"BOGOTA D.C.","PARTICULAR","ACTIVO","TRACTOCAMION","2022","1"
"BOGOTA D.C.","NO REGISTRA","ACTIVO","TRACTOR","2022","9"
"BOGOTA D.C.","PARTICULAR","ACTIVO","TRICIMOTO","2022","10"
"BOGOTA D.C.","NO REGISTRA","ACTIVO","VIBROCOMPACTADORA","2022","2"
"BOGOTA D.C.","OFICIAL","ACTIVO","VOLQUETA","2022","9"
"BOGOTA D.C.","PÚBLICO","ACTIVO","VOLQUETA","2022","5"
"BOGOTA D.C.","NO REGISTRA","ACTIVO","AUTOHORMIGONERA","2023","1"
"BOGOTA D.C.","PARTICULAR","ACTIVO","AUTOMOVIL","2023","10337"
"BOGOTA D.C.","OFICIAL","ACTIVO","AUTOMOVIL","2023","31"
"BOGOTA D.C.","PÚBLICO","ACTIVO","AUTOMOVIL","2023","1510"
"BOGOTA D.C.","NO REGISTRA","ACTIVO","BULDOZER","2023","2"
"BOGOTA D.C.","PÚBLICO","ACTIVO","BUS","2023","10"
"BOGOTA D.C.","PARTICULAR","ACTIVO","BUS","2023","7"
"BOGOTA D.C.","PÚBLICO","ACTIVO","BUSETA","2023","2"
"BOGOTA D.C.","PARTICULAR","ACTIVO","BUSETA","2023","9"
"BOGOTA D.C.","PARTICULAR","ACTIVO","CAMION","2023","12"
"BOGOTA D.C.","PÚBLICO","ACTIVO","CAMION","2023","28"
"BOGOTA D.C.","OFICIAL","ACTIVO","CAMION","2023","5"
"BOGOTA D.C.","PARTICULAR","ACTIVO","CAMIONETA","2023","20443"
"BOGOTA D.C.","PÚBLICO","ACTIVO","CAMIONETA","2023","374"
"BOGOTA D.C.","OFICIAL","ACTIVO","CAMIONETA","2023","133"
"BOGOTA D.C.","OFICIAL","ACTIVO","CAMPERO","2023","58"
"BOGOTA D.C.","PÚBLICO","ACTIVO","CAMPERO","2023","25"
"BOGOTA D.C.","PARTICULAR","ACTIVO","CAMPERO","2023","2988"
"BOGOTA D.C.","NO REGISTRA","ACTIVO","CARGADOR","2023","13"
"BOGOTA D.C.","NO REGISTRA","ACTIVO","CARRETILLA APILADORA","2023","1"
"BOGOTA D.C.","PARTICULAR","ACTIVO","CICLOMOTOR","2023","188"
"BOGOTA D.C.","NO REGISTRA","ACTIVO","COMPACTADOR","2023","4"
"BOGOTA D.C.","PARTICULAR","ACTIVO","CUADRICICLO","2023","23"
"BOGOTA D.C.","PARTICULAR","ACTIVO","CUATRIMOTO","2023","44"
"BOGOTA D.C.","NO REGISTRA","ACTIVO","EXCAVADORA","2023","29"
"BOGOTA D.C.","NO REGISTRA","ACTIVO","GRUA","2023","2"
"BOGOTA D.C.","PARTICULAR","ACTIVO","MICROBUS","2023","7"
"BOGOTA D.C.","PÚBLICO","ACTIVO","MICROBUS","2023","30"
"BOGOTA D.C.","OFICIAL","ACTIVO","MICROBUS","2023","5"
"BOGOTA D.C.","NO REGISTRA","ACTIVO","MINI EXCAVADORA","2023","4"
"BOGOTA D.C.","NO REGISTRA","ACTIVO","MINICARGADOR","2023","17"
"BOGOTA D.C.","NO REGISTRA","ACTIVO","MONTACARGAS","2023","9"
"BOGOTA D.C.","PARTICULAR","ACTIVO","MOTOCARRO","2023","18"
"BOGOTA D.C.","OFICIAL","ACTIVO","MOTOCICLETA","2023","184"
"BOGOTA D.C.","PARTICULAR","ACTIVO","MOTOCICLETA","2023","1911"
"BOGOTA D.C.","NO REGISTRA","ACTIVO","MOTONIVELADORA","2023","4"
"BOGOTA D.C.","PARTICULAR","ACTIVO","MOTOTRICICLO","2023","10"
"BOGOTA D.C.","NO REGISTRA","ACTIVO","PERFORADORA","2023","3"
"BOGOTA D.C.","NO REGISTRA","ACTIVO","PILOTEADORA","2023","1"
"BOGOTA D.C.","NO REGISTRA","ACTIVO","RETROEXCAVADORA","2023","13"
"BOGOTA D.C.","NO REGISTRA","ACTIVO","SEMIREMOLQUE","2023","6"
"BOGOTA D.C.","PÚBLICO","ACTIVO","TRACTOCAMION","2023","1"
"BOGOTA D.C.","NO REGISTRA","ACTIVO","TRACTOR","2023","8"
"BOGOTA D.C.","PARTICULAR","ACTIVO","TRICIMOTO","2023","6"
"BOGOTA D.C.","PÚBLICO","ACTIVO","VOLQUETA","2023","4"
"BOGOTA D.C.","OFICIAL","ACTIVO","VOLQUETA","2023","30"
"BOGOTA D.C.","PARTICULAR","ACTIVO","AUTOMOVIL","2024","10697"
"BOGOTA D.C.","OFICIAL","ACTIVO","AUTOMOVIL","2024","48"
"BOGOTA D.C.","PÚBLICO","ACTIVO","AUTOMOVIL","2024","1812"
"BOGOTA D.C.","PÚBLICO","ACTIVO","BUS","2024","20"
"BOGOTA D.C.","PARTICULAR","ACTIVO","BUSETA","2024","4"
"BOGOTA D.C.","PÚBLICO","ACTIVO","BUSETA","2024","1"
"BOGOTA D.C.","OFICIAL","ACTIVO","CAMION","2024","10"
"BOGOTA D.C.","PÚBLICO","ACTIVO","CAMION","2024","40"
"BOGOTA D.C.","PARTICULAR","ACTIVO","CAMION","2024","13"
"BOGOTA D.C.","NO REGISTRA","ACTIVO","CAMIÓN GRÚA","2024","1"
"BOGOTA D.C.","NO REGISTRA","ACTIVO","CAMIÓN TIJERA","2024","1"
"BOGOTA D.C.","PÚBLICO","ACTIVO","CAMIONETA","2024","499"
"BOGOTA D.C.","PARTICULAR","ACTIVO","CAMIONETA","2024","27134"
"BOGOTA D.C.","OFICIAL","ACTIVO","CAMIONETA","2024","159"
"BOGOTA D.C.","PARTICULAR","ACTIVO","CAMPERO","2024","3655"
"BOGOTA D.C.","OFICIAL","ACTIVO","CAMPERO","2024","51"
"BOGOTA D.C.","PÚBLICO","ACTIVO","CAMPERO","2024","42"
"BOGOTA D.C.","NO REGISTRA","ACTIVO","CARGADOR","2024","9"
"BOGOTA D.C.","NO REGISTRA","ACTIVO","CARRETILLA APILADORA","2024","2"
"BOGOTA D.C.","PARTICULAR","ACTIVO","CICLOMOTOR","2024","85"
"BOGOTA D.C.","PARTICULAR","ACTIVO","CUADRICICLO","2024","55"
"BOGOTA D.C.","PARTICULAR","ACTIVO","CUATRIMOTO","2024","26"
"BOGOTA D.C.","NO REGISTRA","ACTIVO","EXCAVADORA","2024","6"
"BOGOTA D.C.","NO REGISTRA","ACTIVO","JUMBO DE PERFORACION","2024","1"
"BOGOTA D.C.","PÚBLICO","ACTIVO","MICROBUS","2024","25"
"BOGOTA D.C.","PARTICULAR","ACTIVO","MICROBUS","2024","6"
"BOGOTA D.C.","OFICIAL","ACTIVO","MICROBUS","2024","4"
"BOGOTA D.C.","NO REGISTRA","ACTIVO","MINI EXCAVADORA","2024","1"
"BOGOTA D.C.","NO REGISTRA","ACTIVO","MINICARGADOR","2024","6"
"BOGOTA D.C.","NO REGISTRA","ACTIVO","MONTACARGAS","2024","6"
"BOGOTA D.C.","PARTICULAR","ACTIVO","MOTOCARRO","2024","135"
"BOGOTA D.C.","OFICIAL","ACTIVO","MOTOCICLETA","2024","412"
"BOGOTA D.C.","PARTICULAR","ACTIVO","MOTOCICLETA","2024","2790"
"BOGOTA D.C.","NO REGISTRA","ACTIVO","MOTONIVELADORA","2024","2"
"BOGOTA D.C.","PARTICULAR","ACTIVO","MOTOTRICICLO","2024","6"
"BOGOTA D.C.","NO REGISTRA","ACTIVO","PAVIMENTADORA","2024","1"
"BOGOTA D.C.","NO REGISTRA","ACTIVO","PERFORADORA","2024","3"
"BOGOTA D.C.","NO REGISTRA","ACTIVO","PULVERIZADOR AGRICOLA","2024","1"
"BOGOTA D.C.","NO REGISTRA","ACTIVO","REMOLQUE","2024","13"
"BOGOTA D.C.","NO REGISTRA","ACTIVO","RETROCARGADOR","2024","2"
"BOGOTA D.C.","NO REGISTRA","ACTIVO","RETROEXCAVADORA","2024","3"
"BOGOTA D.C.","PARTICULAR","ACTIVO","TRACTOCAMION","2024","1"
"BOGOTA D.C.","NO REGISTRA","ACTIVO","TRACTOR","2024","3"
"BOGOTA D.C.","PARTICULAR","ACTIVO","TRICIMOTO","2024","6"
"BOGOTA D.C.","OFICIAL","ACTIVO","VOLQUETA","2024","1"
"BOGOTA D.C.","PÚBLICO","ACTIVO","VOLQUETA","2024","2"
"BOGOTA D.C.","NO REGISTRA","ACTIVO","APILADOR","2025","1"
"BOGOTA D.C.","PÚBLICO","ACTIVO","AUTOMOVIL","2025","1392"
"BOGOTA D.C.","PARTICULAR","ACTIVO","AUTOMOVIL","2025","12602"
"BOGOTA D.C.","OFICIAL","ACTIVO","AUTOMOVIL","2025","16"
"BOGOTA D.C.","NO REGISTRA","ACTIVO","BULDOZER","2025","5"
"BOGOTA D.C.","PÚBLICO","ACTIVO","BUS","2025","6"
"BOGOTA D.C.","PARTICULAR","ACTIVO","BUS","2025","7"
"BOGOTA D.C.","OFICIAL","ACTIVO","BUS","2025","8"
"BOGOTA D.C.","PÚBLICO","ACTIVO","BUSETA","2025","3"
"BOGOTA D.C.","PARTICULAR","ACTIVO","BUSETA","2025","2"
"BOGOTA D.C.","OFICIAL","ACTIVO","BUSETA","2025","2"
"BOGOTA D.C.","PÚBLICO","ACTIVO","CAMION","2025","54"
"BOGOTA D.C.","OFICIAL","ACTIVO","CAMION","2025","8"
"BOGOTA D.C.","PARTICULAR","ACTIVO","CAMION","2025","21"
"BOGOTA D.C.","NO REGISTRA","ACTIVO","CAMIÓN","2025","2"
"BOGOTA D.C.","NO REGISTRA","ACTIVO","CAMION CISTERNA","2025","1"
"BOGOTA D.C.","NO REGISTRA","ACTIVO","CAMIÓN GRÚA","2025","1"
"BOGOTA D.C.","PARTICULAR","ACTIVO","CAMIONETA","2025","42026"
"BOGOTA D.C.","OFICIAL","ACTIVO","CAMIONETA","2025","190"
"BOGOTA D.C.","PÚBLICO","ACTIVO","CAMIONETA","2025","684"
"BOGOTA D.C.","OFICIAL","ACTIVO","CAMPERO","2025","75"
"BOGOTA D.C.","PARTICULAR","ACTIVO","CAMPERO","2025","2833"
"BOGOTA D.C.","PÚBLICO","ACTIVO","CAMPERO","2025","35"
"BOGOTA D.C.","NO REGISTRA","ACTIVO","CARGADOR","2025","8"
"BOGOTA D.C.","PARTICULAR","ACTIVO","CICLOMOTOR","2025","15"
"BOGOTA D.C.","PARTICULAR","ACTIVO","CUADRICICLO","2025","40"
"BOGOTA D.C.","OFICIAL","ACTIVO","CUATRIMOTO","2025","1"
"BOGOTA D.C.","PARTICULAR","ACTIVO","CUATRIMOTO","2025","22"
"BOGOTA D.C.","NO REGISTRA","ACTIVO","DUMPER (VOLQUETA ARTICULADA)","2025","6"
"BOGOTA D.C.","NO REGISTRA","ACTIVO","EXCAVADORA","2025","16"
"BOGOTA D.C.","OFICIAL","ACTIVO","MICROBUS","2025","3"
"BOGOTA D.C.","PÚBLICO","ACTIVO","MICROBUS","2025","28"
"BOGOTA D.C.","PARTICULAR","ACTIVO","MICROBUS","2025","8"
"BOGOTA D.C.","NO REGISTRA","ACTIVO","MINI EXCAVADORA","2025","2"
"BOGOTA D.C.","NO REGISTRA","ACTIVO","MINICARGADOR","2025","17"
"BOGOTA D.C.","NO REGISTRA","ACTIVO","MONTACARGAS","2025","9"
"BOGOTA D.C.","PARTICULAR","ACTIVO","MOTOCARRO","2025","36"
"BOGOTA D.C.","PARTICULAR","ACTIVO","MOTOCICLETA","2025","2564"
"BOGOTA D.C.","OFICIAL","ACTIVO","MOTOCICLETA","2025","581"
"BOGOTA D.C.","NO REGISTRA","ACTIVO","PALA FRONTAL","2025","1"
"BOGOTA D.C.","NO REGISTRA","ACTIVO","RETROEXCAVADORA","2025","4"
"BOGOTA D.C.","NO REGISTRA","ACTIVO","SEMIREMOLQUE","2025","8"
"BOGOTA D.C.","OFICIAL","ACTIVO","SIN CLASE","2025","1"
"BOGOTA D.C.","PÚBLICO","ACTIVO","TRACTOCAMION","2025","5"
"BOGOTA D.C.","NO REGISTRA","ACTIVO","TRACTOR","2025","2"
"BOGOTA D.C.","NO REGISTRA","ACTIVO","TRACTOR SOBRE ORUGA","2025","1"
"BOGOTA D.C.","PARTICULAR","ACTIVO","TRICIMOTO","2025","2"
"BOGOTA D.C.","NO REGISTRA","ACTIVO","VIBROCOMPACTADORA","2025","2"
"BOGOTA D.C.","PÚBLICO","ACTIVO","VOLQUETA","2025","2"
"BOGOTA D.C.","OFICIAL","ACTIVO","VOLQUETA","2025","16"
"BOGOTA D.C.","PÚBLICO","ACTIVO","AUTOMOVIL","2026","1048"
"BOGOTA D.C.","OFICIAL","ACTIVO","AUTOMOVIL","2026","4"
"BOGOTA D.C.","PARTICULAR","ACTIVO","AUTOMOVIL","2026","11606"
"BOGOTA D.C.","PÚBLICO","ACTIVO","BUS","2026","151"
"BOGOTA D.C.","PARTICULAR","ACTIVO","BUS","2026","6"
"BOGOTA D.C.","OFICIAL","ACTIVO","BUS","2026","4"
"BOGOTA D.C.","PÚBLICO","ACTIVO","BUSETA","2026","1"
"BOGOTA D.C.","PARTICULAR","ACTIVO","BUSETA","2026","11"
"BOGOTA D.C.","OFICIAL","ACTIVO","CAMION","2026","29"
"BOGOTA D.C.","PÚBLICO","ACTIVO","CAMION","2026","66"
"BOGOTA D.C.","PARTICULAR","ACTIVO","CAMION","2026","4"
"BOGOTA D.C.","NO REGISTRA","ACTIVO","CAMIÓN GRÚA","2026","1"
"BOGOTA D.C.","PARTICULAR","ACTIVO","CAMIONETA","2026","45141"
"BOGOTA D.C.","OFICIAL","ACTIVO","CAMIONETA","2026","75"
"BOGOTA D.C.","PÚBLICO","ACTIVO","CAMIONETA","2026","482"
"BOGOTA D.C.","PARTICULAR","ACTIVO","CAMPERO","2026","3082"
"BOGOTA D.C.","OFICIAL","ACTIVO","CAMPERO","2026","3"
"BOGOTA D.C.","PÚBLICO","ACTIVO","CAMPERO","2026","70"
"BOGOTA D.C.","NO REGISTRA","ACTIVO","CARGADOR","2026","3"
"BOGOTA D.C.","PARTICULAR","ACTIVO","CICLOMOTOR","2026","8"
"BOGOTA D.C.","PARTICULAR","ACTIVO","CUADRICICLO","2026","4"
"BOGOTA D.C.","PARTICULAR","ACTIVO","CUATRIMOTO","2026","22"
"BOGOTA D.C.","NO REGISTRA","ACTIVO","EXCAVADORA","2026","6"
"BOGOTA D.C.","PARTICULAR","ACTIVO","MICROBUS","2026","5"
"BOGOTA D.C.","OFICIAL","ACTIVO","MICROBUS","2026","4"
"BOGOTA D.C.","PÚBLICO","ACTIVO","MICROBUS","2026","7"
"BOGOTA D.C.","NO REGISTRA","ACTIVO","MINICARGADOR","2026","9"
"BOGOTA D.C.","NO REGISTRA","ACTIVO","MONTACARGAS","2026","16"
"BOGOTA D.C.","PARTICULAR","ACTIVO","MOTOCARRO","2026","14"
"BOGOTA D.C.","PARTICULAR","ACTIVO","MOTOCICLETA","2026","1807"
"BOGOTA D.C.","OFICIAL","ACTIVO","MOTOCICLETA","2026","656"
"BOGOTA D.C.","NO REGISTRA","ACTIVO","MOTONIVELADORA","2026","4"
"BOGOTA D.C.","PARTICULAR","ACTIVO","MOTOTRICICLO","2026","1"
"BOGOTA D.C.","NO REGISTRA","ACTIVO","RETROEXCAVADORA","2026","7"
"BOGOTA D.C.","PÚBLICO","ACTIVO","TRACTOCAMION","2026","2"
"BOGOTA D.C.","PARTICULAR","ACTIVO","TRACTOCAMION","2026","1"
"BOGOTA D.C.","NO REGISTRA","ACTIVO","TRACTOR","2026","1"
"BOGOTA D.C.","PARTICULAR","ACTIVO","TRICIMOTO","2026","2"
"BOGOTA D.C.","NO REGISTRA","ACTIVO","VIBROCOMPACTADORA","2026","1"
"BOGOTA D.C.","OFICIAL","ACTIVO","VOLQUETA","2026","1"
"BOGOTA D.C.","PÚBLICO","ACTIVO","VOLQUETA","2026","11"
